age,gender,pupilLeft_x,pupilLeft_y,pupilRight_x,pupilRight_y,noseTip_x,noseTip_y,mouthLeft_x,mouthLeft_y,mouthRight_x,mouthRight_y,eyebrowLeftOuter_x,eyebrowLeftOuter_y,eyebrowLeftInner_x,eyebrowLeftInner_y,eyeLeftOuter_x,eyeLeftOuter_y,eyeLeftTop_x,eyeLeftTop_y,eyeLeftBottom_x,eyeLeftBottom_y,eyeLeftInner_x,eyeLeftInner_y,eyebrowRightInner_x,eyebrowRightInner_y,eyebrowRightOuter_x,eyebrowRightOuter_y,eyeRightInner_x,eyeRightInner_y,eyeRightTop_x,eyeRightTop_y,eyeRightBottom_x,eyeRightBottom_y,eyeRightOuter_x,eyeRightOuter_y,noseRootLeft_x,noseRootLeft_y,noseRootRight_x,noseRootRight_y,noseLeftAlarTop_x,noseLeftAlarTop_y,noseRightAlarTop_x,noseRightAlarTop_y,noseLeftAlarOutTip_x,noseLeftAlarOutTip_y,noseRightAlarOutTip_x,noseRightAlarOutTip_y,upperLipTop_x,upperLipTop_y,upperLipBottom_x,upperLipBottom_y,underLipTop_x,underLipTop_y,underLipBottom_x,underLipBottom_y,label
47.0,0,105.0,114.6,146.3,112.8,124.6,134.3,105.3,153.1,147.8,151.0,87.5,107.2,115.4,104.8,97.1,115.6,103.9,112.4,104.1,116.8,111.2,115.2,134.5,103.0,161.0,103.8,138.7,113.9,146.0,110.4,146.6,115.1,154.0,113.1,118.2,115.5,132.0,115.1,115.3,127.5,134.0,127.1,110.8,136.0,139.9,134.6,126.2,147.4,126.2,150.5,126.2,160.8,126.0,166.4,0
44.0,0,102.0,114.4,145.7,113.2,126.3,137.6,103.1,156.4,147.1,153.6,84.6,105.8,112.6,103.3,94.9,115.3,101.9,111.1,101.9,117.0,109.1,115.3,134.6,102.7,159.2,103.7,139.3,114.6,146.6,110.2,146.7,116.2,153.4,113.8,117.9,116.3,131.1,115.6,117.1,130.3,135.0,129.7,112.4,139.6,139.9,138.9,126.9,151.5,126.7,154.2,126.3,165.6,126.7,170.2,0
60.0,1,101.2,113.3,146.5,111.0,123.4,136.1,102.2,157.2,145.5,155.3,80.1,107.2,118.0,104.3,93.4,114.1,100.7,112.4,100.7,115.1,107.7,112.9,131.2,103.9,169.9,105.7,138.7,111.4,147.1,110.0,146.7,112.1,153.7,111.2,116.7,113.3,130.5,113.1,112.4,129.8,134.5,128.2,105.5,137.2,140.6,135.0,123.1,153.1,122.9,156.5,122.8,158.1,122.8,163.8,1
59.0,1,109.6,114.2,145.8,112.9,125.4,133.4,104.8,155.5,145.1,154.3,91.7,108.1,118.4,104.3,103.5,115.0,107.6,109.8,107.7,116.2,113.8,114.9,133.9,102.3,160.8,104.9,139.9,114.1,145.2,108.7,145.9,115.4,151.6,113.0,121.7,116.3,130.2,116.0,118.2,128.7,132.7,128.4,113.0,137.0,139.3,135.9,124.9,151.9,125.0,154.8,125.0,157.9,125.0,162.4,1
45.0,0,103.7,110.9,142.9,108.2,127.7,136.4,104.1,157.9,143.5,157.0,87.7,104.9,113.7,101.9,97.7,111.9,103.8,107.7,103.9,114.0,110.1,111.3,134.2,101.7,158.6,100.5,136.6,110.0,141.8,105.9,142.7,111.5,149.0,108.7,118.7,112.8,131.5,111.7,117.7,128.5,133.7,127.1,113.4,139.0,139.7,137.5,126.6,154.2,126.7,157.7,126.0,161.4,126.2,167.5,2
47.0,0,99.9,113.2,143.0,111.8,124.5,139.0,102.6,154.3,148.6,154.0,87.3,105.4,113.6,103.1,95.7,113.4,103.2,110.3,102.8,116.8,110.1,114.2,137.2,99.9,163.8,104.1,139.0,112.8,145.3,108.4,145.9,115.1,153.0,112.2,118.8,114.1,130.4,113.1,114.6,130.0,134.0,130.0,110.1,138.9,138.8,138.0,124.5,153.3,124.6,156.0,125.3,163.4,125.2,168.8,2
63.0,1,106.3,111.9,148.1,110.7,119.7,130.5,109.5,158.5,148.4,159.6,92.2,102.5,118.7,102.2,101.9,113.4,108.0,109.4,108.1,114.4,114.2,112.5,136.7,102.2,171.8,106.0,142.3,112.0,151.1,108.0,151.4,113.1,158.4,111.1,118.9,112.7,130.5,112.9,114.0,125.9,134.3,126.5,109.1,134.7,139.6,135.7,124.7,151.2,125.2,155.1,126.5,157.5,126.8,162.6,3
69.0,1,102.4,113.3,150.8,112.0,120.4,138.6,105.8,155.6,150.3,152.7,81.4,104.9,112.5,104.4,94.2,114.8,102.2,111.1,102.2,115.8,110.3,114.4,134.4,102.6,169.2,103.0,141.4,113.6,149.9,109.9,150.1,114.6,158.7,112.8,117.4,114.0,132.0,114.3,112.1,130.3,132.5,130.0,108.1,137.5,137.7,136.5,124.4,151.0,125.1,154.1,125.9,159.6,126.0,163.6,3
51.0,1,98.8,112.9,142.4,111.5,127.7,133.5,106.6,168.1,142.0,165.4,79.2,106.2,113.6,102.3,92.1,113.6,98.5,111.2,98.4,115.0,105.4,113.0,131.8,102.9,155.6,99.6,136.4,111.0,142.4,109.8,142.0,113.5,148.1,111.7,116.4,111.9,130.7,110.6,115.7,129.0,135.8,127.0,111.8,140.0,141.9,137.2,126.3,156.7,126.8,161.0,127.6,167.6,128.2,174.0,4
49.0,1,102.0,112.0,147.8,111.0,127.0,136.0,101.6,155.0,148.1,155.1,84.2,106.8,115.1,102.5,94.5,113.2,101.3,110.2,101.5,114.1,108.5,112.6,134.8,102.5,162.3,101.4,140.4,112.5,147.0,109.4,147.3,113.4,153.8,111.8,118.0,113.3,131.3,113.1,113.9,127.3,136.8,126.5,109.7,136.5,143.4,136.0,126.8,151.0,127.2,154.9,127.9,157.8,128.6,162.8,4
57.0,1,103.2,110.4,136.5,108.3,126.6,131.7,107.6,158.6,137.7,157.2,87.4,106.5,113.3,102.0,97.0,111.9,103.3,107.8,103.3,113.4,109.1,111.7,130.0,100.2,151.1,102.8,131.6,109.9,136.5,106.1,137.0,110.9,141.8,109.5,116.7,111.6,126.9,111.0,117.0,127.1,130.5,126.0,113.2,136.0,136.0,134.9,125.2,150.5,125.5,153.9,125.5,160.4,125.7,166.7,5
53.0,1,101.8,113.0,144.2,111.8,131.3,137.4,104.2,159.6,146.3,160.1,82.7,106.4,115.5,102.5,94.1,113.3,101.3,111.7,101.7,115.0,108.6,112.9,135.7,101.5,161.0,104.6,137.9,112.2,144.7,110.0,144.9,113.7,151.0,111.7,118.9,112.8,133.7,112.0,117.4,129.1,137.4,128.9,112.6,136.3,142.3,137.1,128.5,152.3,128.6,156.9,129.3,168.4,129.8,175.4,5
47.0,1,103.5,110.8,144.2,111.1,125.0,137.1,109.8,158.6,141.4,158.5,89.4,102.8,115.3,104.3,97.9,111.0,104.8,108.7,104.3,113.2,110.6,111.2,133.2,104.0,157.1,103.4,137.8,110.9,143.8,108.9,143.6,113.0,149.7,111.1,120.3,112.3,129.2,111.8,117.1,129.0,133.4,128.0,111.0,136.7,137.8,136.7,124.3,151.4,124.3,155.1,124.7,161.1,124.7,167.5,6
45.0,1,106.5,114.0,149.3,112.5,123.5,134.7,109.6,156.7,144.8,157.4,89.0,104.3,113.0,100.4,98.3,114.5,105.4,112.2,105.2,116.1,112.2,114.3,134.9,98.7,163.9,102.3,141.1,112.8,147.9,110.7,148.1,114.5,155.5,112.8,119.2,114.1,130.9,113.4,116.8,129.2,133.9,128.5,111.6,136.4,139.3,136.1,125.3,148.8,125.2,151.4,125.6,163.6,125.2,166.4,6
58.0,1,103.5,109.1,144.0,107.1,127.4,142.9,99.4,162.6,137.1,162.0,83.8,104.8,114.4,104.1,94.8,110.6,101.8,106.6,102.0,113.8,109.8,109.4,134.5,102.8,161.6,96.9,136.5,108.9,143.1,105.0,144.1,111.3,150.2,107.0,118.4,112.4,130.0,111.8,117.2,132.4,134.4,133.6,109.9,140.1,138.0,140.5,123.0,160.2,122.5,163.4,122.2,164.8,122.3,171.6,7
56.0,1,97.5,111.0,141.7,108.0,132.2,141.5,103.2,165.6,141.1,165.7,77.7,108.8,115.6,103.6,90.5,113.3,98.2,108.6,98.6,115.3,105.3,112.0,133.4,102.5,162.3,100.9,136.8,110.1,144.0,106.0,144.3,111.9,150.1,108.7,117.9,114.1,131.2,112.8,117.8,134.0,137.4,132.8,113.2,142.6,140.7,142.0,127.9,161.9,127.7,166.0,126.5,166.2,126.7,173.3,7
32.0,0,101.8,114.1,144.6,112.3,133.7,140.6,103.6,159.5,144.0,157.8,79.1,107.6,117.1,103.8,93.1,114.8,100.2,111.1,100.6,117.1,108.5,114.7,138.3,103.8,160.6,103.0,137.9,113.6,144.9,109.0,145.6,114.8,152.4,111.8,120.6,116.3,133.1,115.1,119.9,133.5,138.3,133.0,114.9,139.4,141.3,139.0,128.8,154.4,129.1,158.3,128.7,165.5,128.8,171.6,8
29.0,0,105.3,116.8,139.6,117.4,123.2,135.6,111.5,158.7,140.5,159.8,92.1,107.0,116.1,101.5,100.1,117.8,106.3,113.5,105.9,121.3,112.5,118.7,131.1,102.6,157.5,104.8,135.0,119.0,142.3,114.0,142.6,121.9,149.5,118.7,119.4,118.2,129.3,118.5,117.1,133.1,131.7,133.1,114.4,140.9,134.9,141.4,124.4,149.7,124.8,154.6,125.1,164.6,125.1,171.9,8
56.0,1,102.5,114.1,143.8,113.0,127.4,141.0,110.8,157.4,145.2,154.2,86.7,105.5,113.8,103.0,98.2,114.4,104.3,110.9,104.3,116.7,110.8,114.6,137.3,103.5,160.1,105.5,140.8,114.0,145.8,110.0,146.7,115.5,152.4,113.2,122.0,115.6,131.3,115.4,117.9,132.0,136.0,131.6,113.3,139.0,142.0,138.0,128.6,154.3,128.9,156.9,128.4,158.6,128.5,163.5,9
56.0,1,100.5,111.2,144.8,111.1,123.9,138.3,111.1,157.9,142.7,157.3,86.8,103.0,111.3,103.3,96.8,112.1,102.8,109.5,102.5,113.9,108.5,112.3,135.0,103.4,161.1,104.2,140.3,111.3,146.1,109.0,145.6,113.0,152.0,112.1,118.6,113.6,130.2,113.4,116.9,128.2,133.2,128.6,112.1,136.3,138.0,135.6,125.1,153.7,125.5,155.9,125.8,158.7,126.3,165.1,9
62.0,1,100.7,111.0,145.1,110.7,131.9,130.8,108.1,158.1,144.0,156.9,83.9,107.9,118.1,104.3,94.4,112.9,101.4,108.7,101.5,114.4,108.9,111.8,136.1,102.9,165.1,105.7,139.4,111.7,146.4,107.8,146.5,113.9,153.2,112.1,120.4,112.8,132.9,112.5,119.6,127.6,138.2,126.3,114.3,135.9,141.6,135.6,128.5,151.4,128.2,155.2,128.2,155.7,128.0,159.9,10
62.0,1,104.7,112.0,146.9,110.9,125.7,135.9,105.7,158.4,143.6,158.2,82.7,105.0,113.3,103.5,95.2,112.8,102.9,109.3,102.7,114.8,109.8,112.7,137.4,100.8,164.6,100.8,139.2,111.9,146.5,108.3,146.2,113.4,153.6,111.1,117.6,113.8,130.9,113.5,115.4,128.9,134.8,128.8,111.5,136.9,138.4,136.0,124.7,152.4,124.6,155.4,124.4,162.3,124.6,167.7,10
23.0,0,101.8,110.0,153.5,110.3,125.8,134.9,105.3,162.1,149.9,161.7,82.3,97.2,113.0,96.9,92.8,110.9,102.0,108.3,101.8,112.6,110.7,111.0,136.6,96.4,175.6,98.1,144.8,111.1,153.3,108.6,153.5,112.9,162.4,110.8,118.4,112.3,134.5,112.4,114.9,125.5,138.6,126.0,109.4,135.5,144.1,135.3,126.8,152.0,127.0,156.7,126.8,170.5,127.4,177.6,11
29.0,0,99.3,111.5,147.6,109.6,127.5,126.9,106.3,161.5,147.6,159.1,76.9,106.3,113.7,103.3,89.8,114.4,98.2,108.7,98.6,115.9,108.0,113.6,133.8,103.0,168.7,101.7,138.5,112.6,146.4,107.0,147.9,113.5,155.4,111.1,115.8,112.8,131.3,112.7,115.7,125.0,133.9,124.2,112.6,136.0,140.5,134.1,127.1,148.6,127.0,153.8,127.9,160.0,128.3,166.1,11
35.0,1,103.3,112.2,146.8,111.2,128.5,139.3,105.1,159.9,142.4,159.6,82.1,107.5,114.7,103.7,96.1,113.7,103.3,109.8,103.7,115.3,111.0,112.8,136.4,103.9,163.1,101.7,138.8,112.6,145.6,108.5,146.4,114.5,154.1,112.1,120.1,113.8,131.3,113.5,117.6,130.4,134.0,130.6,113.2,140.0,140.0,139.0,127.1,153.6,127.2,157.4,127.0,160.8,127.3,165.5,12
33.0,1,95.3,106.5,159.9,103.4,119.3,149.4,101.5,186.4,156.1,186.3,64.8,91.1,105.5,92.2,82.4,108.2,93.9,102.2,93.7,112.4,105.2,108.0,134.6,90.3,190.5,89.4,148.6,106.2,159.9,98.3,160.9,109.1,173.4,103.8,114.0,110.0,132.5,109.5,109.8,134.6,136.8,136.7,102.9,149.5,145.4,152.3,123.7,174.4,124.9,182.4,125.5,193.5,126.5,205.1,12
28.0,1,108.9,117.0,143.6,114.0,124.2,130.6,114.9,158.1,143.1,156.6,99.8,109.5,119.8,103.3,106.4,118.0,111.0,114.2,110.9,119.4,116.4,117.1,132.2,100.4,161.1,103.7,139.8,115.3,145.7,110.3,146.8,116.9,153.0,113.6,121.9,116.4,131.1,115.4,120.5,127.2,132.6,127.5,116.4,137.0,137.6,136.3,127.0,145.4,127.3,149.6,127.5,157.6,128.2,162.4,13
30.0,1,104.4,110.0,142.3,109.0,122.9,133.9,110.6,160.1,144.5,159.2,91.6,102.8,116.9,101.4,99.8,110.8,106.1,107.8,106.1,112.3,112.6,110.7,129.6,99.8,159.5,101.0,137.7,109.6,143.8,106.7,144.1,111.0,150.9,109.6,118.4,111.8,130.4,111.4,116.3,127.7,133.5,127.3,112.6,136.1,137.9,135.8,125.8,151.3,125.8,156.2,126.2,165.8,126.6,173.2,13
56.0,1,100.4,115.1,144.2,113.0,121.3,139.0,105.6,155.7,151.6,153.5,87.8,108.2,117.0,105.5,96.7,115.1,104.0,112.1,103.2,118.2,110.3,115.4,133.0,104.8,166.4,107.4,140.2,113.8,148.8,110.2,148.0,116.1,155.6,114.5,117.5,114.8,130.7,114.7,112.5,131.2,134.6,131.6,108.0,138.5,139.3,138.2,125.3,154.5,125.5,157.7,125.1,158.7,125.4,163.8,14
53.0,1,77.2,114.7,110.5,112.7,93.9,138.1,85.0,152.3,116.0,150.2,63.0,106.4,84.1,109.1,70.0,115.8,76.3,112.8,76.3,117.4,82.5,115.0,95.8,106.8,122.4,104.1,105.0,113.6,110.5,111.0,110.7,114.9,115.7,112.5,88.0,116.1,99.1,115.2,87.1,131.3,102.7,129.6,84.5,136.4,106.7,136.0,98.3,149.2,98.3,152.7,99.1,156.8,99.5,162.0,14
47.0,1,107.9,114.4,150.8,112.1,122.5,138.1,113.3,166.8,151.3,166.7,92.5,103.7,115.5,99.1,101.1,115.2,109.0,111.3,108.2,119.4,116.2,115.7,138.1,98.9,172.1,105.0,143.4,113.7,152.1,108.7,152.2,116.1,159.6,113.3,121.0,115.2,133.6,115.4,116.2,130.0,135.6,130.7,112.7,141.0,140.5,142.2,125.1,159.2,125.3,162.9,126.0,171.6,125.6,177.2,15
48.0,1,106.3,114.4,141.8,111.1,129.1,137.1,108.3,157.2,140.0,154.6,88.3,106.2,114.8,103.4,99.2,115.5,105.4,112.8,105.1,117.9,111.3,114.6,137.0,102.3,156.0,97.4,136.2,111.8,141.8,108.4,142.9,113.6,148.5,109.9,120.5,114.2,130.5,113.3,118.7,128.5,135.0,127.5,113.6,137.0,139.5,135.4,127.0,152.3,127.2,155.1,127.9,159.5,128.2,165.5,15
56.0,1,103.9,114.2,136.3,111.2,131.7,137.5,108.7,158.1,137.9,155.4,87.3,109.4,115.2,102.1,98.2,114.1,103.7,111.4,103.6,115.9,109.3,113.5,129.7,103.1,147.2,101.5,132.5,110.8,137.1,109.1,137.1,112.9,141.0,111.0,117.6,113.7,127.8,112.3,117.9,128.6,134.0,125.3,113.0,136.7,140.1,133.4,129.5,152.7,128.9,155.6,128.1,158.2,128.1,162.7,16
56.0,1,105.1,111.7,143.7,110.1,123.6,135.0,112.6,156.1,143.5,152.0,90.2,104.4,115.1,102.5,98.3,113.3,103.8,109.9,104.4,115.0,110.5,112.0,132.6,101.2,161.1,103.8,137.9,111.1,143.1,108.3,143.1,112.4,148.7,111.1,118.5,112.1,129.4,112.0,115.2,128.9,134.1,127.4,110.5,138.1,139.1,135.8,124.8,152.0,125.1,155.5,126.6,156.2,127.8,161.3,16
68.0,1,105.5,112.1,147.7,112.0,121.1,136.6,102.5,152.8,149.7,153.9,90.2,104.0,117.1,103.9,98.2,113.0,105.2,111.1,104.8,113.5,112.0,112.1,134.9,103.1,163.6,104.3,139.7,112.0,147.0,110.9,146.6,113.9,154.1,113.0,117.6,112.5,130.9,113.1,111.9,127.8,133.2,128.2,107.4,136.5,138.8,136.9,122.5,151.8,122.6,156.5,122.8,160.6,122.5,168.1,17
68.0,1,106.0,112.3,146.2,110.1,123.9,134.9,107.6,160.2,139.7,159.2,92.1,100.3,114.2,102.0,99.0,113.7,105.3,110.1,105.7,116.7,112.3,113.4,135.7,101.2,160.1,100.5,139.5,111.6,145.1,107.8,145.6,114.2,151.8,110.8,119.4,113.5,129.9,113.3,114.3,126.5,132.4,127.0,109.6,136.2,138.0,137.0,122.6,152.4,122.5,156.7,122.9,161.5,123.5,166.5,17
55.0,1,104.1,111.6,146.9,111.6,123.1,135.8,110.3,158.2,139.7,157.4,88.1,102.7,114.2,103.9,98.5,112.9,104.4,109.6,105.0,114.6,111.0,112.4,135.2,102.6,162.4,103.0,139.8,112.1,145.9,109.5,146.2,114.3,153.3,112.8,118.6,112.9,130.7,113.5,114.9,127.6,132.9,128.0,111.4,135.9,137.0,136.6,123.6,152.1,123.6,156.2,123.7,158.0,123.8,163.2,18
52.0,1,102.1,113.1,147.6,111.1,122.7,135.6,111.2,160.1,143.3,159.9,86.7,108.6,115.4,105.2,96.8,114.1,103.8,110.5,103.5,115.8,110.6,113.4,135.3,102.5,167.5,105.1,141.1,111.8,149.2,108.1,149.0,113.9,157.0,111.6,117.7,113.2,131.8,113.2,112.7,130.3,135.0,130.0,110.4,137.8,138.7,137.9,125.8,153.5,125.9,157.7,126.5,163.5,126.9,168.7,18
56.0,1,104.1,113.3,144.0,112.4,130.9,139.1,107.8,159.6,140.0,158.8,83.0,107.1,115.9,103.8,96.5,113.5,103.1,111.7,103.2,115.3,109.8,113.0,134.5,102.0,154.8,100.8,136.6,112.9,142.3,110.5,142.5,114.4,148.5,111.6,119.4,114.0,130.3,113.3,118.1,128.8,135.6,128.2,114.1,138.8,139.6,136.9,128.7,153.7,128.6,156.6,128.2,164.8,128.2,170.5,19
55.0,1,103.8,114.5,145.5,114.8,123.5,134.2,108.5,158.9,142.3,159.1,88.6,105.7,117.1,102.9,97.2,115.3,104.1,112.7,104.3,117.2,111.4,115.0,134.0,102.7,161.8,108.1,138.4,115.2,145.5,113.4,145.5,117.4,152.3,115.3,118.1,115.8,131.3,115.7,116.5,131.4,134.6,131.8,111.5,139.1,138.9,139.2,125.3,152.0,125.1,156.8,124.5,162.2,124.2,167.6,19
55.0,1,102.8,112.2,143.8,110.3,125.5,134.4,108.5,158.1,141.0,157.5,86.2,105.6,111.1,100.6,97.3,113.5,103.5,110.4,103.5,115.0,109.0,113.1,133.7,100.9,158.6,103.0,138.5,112.2,144.5,108.5,144.5,113.8,150.8,111.7,119.5,113.4,130.1,113.0,116.8,127.2,133.2,126.4,111.5,134.9,137.4,135.8,126.1,153.6,126.1,156.3,125.8,162.5,125.8,167.1,20
55.0,1,98.3,110.4,148.7,110.0,127.6,137.3,105.9,168.9,140.6,169.3,74.4,105.1,114.7,102.8,88.3,111.8,96.0,107.4,96.5,113.4,105.5,110.2,132.2,100.6,167.2,102.2,138.3,109.9,147.1,106.6,146.8,112.7,155.4,110.1,115.3,111.3,132.0,110.6,114.5,129.5,138.0,129.4,108.5,139.2,141.4,139.5,126.4,160.1,126.6,166.6,125.5,167.6,126.1,175.1,20
50.0,1,104.7,111.8,144.4,111.5,119.8,133.9,110.0,156.6,145.8,157.0,90.2,101.9,112.5,102.8,98.1,112.5,104.6,110.3,105.2,114.4,112.0,111.9,131.7,102.0,163.7,105.4,138.4,112.1,145.0,109.9,144.6,114.2,150.9,112.1,116.0,112.8,129.6,112.6,113.3,126.3,131.9,125.9,110.1,133.9,137.2,133.6,123.6,151.4,123.5,155.1,124.7,162.0,124.9,168.2,21
48.0,1,104.7,115.1,146.7,113.6,121.8,130.4,106.6,158.5,141.7,157.7,89.0,106.6,116.9,103.7,97.8,115.4,104.2,112.6,104.2,116.7,111.0,114.4,139.1,101.7,167.8,105.9,141.5,113.4,148.7,111.6,148.3,115.8,154.7,114.5,116.7,114.2,133.9,114.7,113.5,125.5,134.8,126.6,109.5,133.3,138.1,133.5,121.7,147.6,121.5,151.8,121.0,158.4,121.1,163.8,21
36.0,1,104.1,112.5,145.9,111.9,124.7,136.8,108.4,158.4,142.3,157.1,86.4,105.3,114.7,100.4,97.0,112.8,104.2,111.1,104.0,115.2,110.5,113.0,133.3,99.8,160.6,103.0,138.2,112.7,145.6,110.2,145.3,114.6,151.9,112.4,117.1,113.9,129.8,114.6,115.2,128.8,131.9,128.2,111.6,138.0,137.2,137.4,125.3,154.0,125.5,157.3,124.5,159.6,124.8,165.5,22
33.0,1,105.3,112.7,149.4,114.1,127.0,138.5,100.8,153.8,145.1,156.3,84.7,106.9,115.6,99.5,97.0,113.5,104.5,110.8,103.7,115.6,110.7,114.4,136.2,100.2,164.5,107.2,140.1,114.8,146.9,111.7,146.7,116.9,153.6,115.1,119.6,114.6,131.3,114.9,116.5,130.5,135.5,131.8,110.7,138.2,140.9,140.0,125.3,153.6,125.1,156.4,124.4,164.0,124.3,169.1,22
33.0,1,107.3,115.4,144.7,115.1,124.0,135.1,109.8,156.2,139.9,156.3,93.1,108.6,115.6,103.2,100.9,116.3,106.8,113.7,106.7,117.4,112.9,115.7,134.9,103.1,158.8,107.1,138.5,115.6,144.2,113.5,144.2,117.0,150.6,115.7,119.0,116.0,131.3,116.0,114.8,128.5,134.1,128.4,111.5,135.5,137.8,135.4,124.3,147.1,124.2,151.0,123.5,164.2,123.4,169.9,23
33.0,1,99.1,112.2,143.5,110.4,126.6,139.3,109.5,155.9,147.2,153.8,86.3,104.2,117.1,103.9,94.4,112.7,102.0,109.9,101.6,115.2,108.8,113.0,134.4,101.9,163.0,102.2,139.3,111.5,146.7,107.8,147.1,113.5,154.0,110.7,118.9,114.4,132.3,113.7,116.0,129.9,136.7,129.5,111.5,137.8,141.8,137.2,127.5,153.0,128.0,156.6,128.4,158.3,129.2,163.9,23
31.0,0,103.6,113.6,147.5,113.0,126.4,141.6,104.4,157.9,148.0,156.8,85.0,103.2,115.5,103.6,96.5,114.4,103.9,111.8,103.8,116.0,111.4,114.4,135.6,103.2,163.6,101.1,139.5,113.8,146.1,110.5,147.0,115.2,155.0,112.7,118.3,115.6,132.1,115.6,115.4,132.5,136.1,132.9,109.7,139.5,142.1,140.3,125.7,151.3,125.8,155.0,127.5,167.6,127.2,174.7,24
24.0,0,100.5,110.8,141.1,104.1,128.7,139.5,114.3,163.0,144.8,158.2,83.1,105.3,110.9,104.3,94.0,112.9,101.0,108.5,101.6,113.9,108.1,110.9,132.9,100.3,157.5,90.5,134.9,107.6,141.3,101.9,142.0,107.7,148.2,103.8,117.4,111.7,128.2,110.3,118.3,131.9,133.7,128.4,116.3,141.5,140.8,137.5,131.3,153.2,132.1,158.0,132.5,168.0,133.7,175.4,24
51.0,1,100.7,109.6,145.3,107.4,126.7,136.0,100.9,157.2,146.3,156.7,83.4,105.3,114.3,102.8,93.5,111.9,99.5,108.2,100.6,112.1,107.3,109.9,133.7,102.6,164.0,101.7,138.7,108.2,145.3,105.7,145.3,109.4,152.2,108.1,119.2,111.2,131.2,110.4,116.8,127.8,135.6,127.3,109.8,136.1,140.9,134.0,123.7,151.9,124.0,154.4,125.1,163.6,125.8,168.5,25
52.0,1,97.8,111.1,140.3,104.9,129.8,133.2,111.8,159.7,145.1,155.8,80.1,105.9,113.8,101.1,92.8,113.3,98.7,107.6,99.8,114.8,106.3,111.1,131.4,97.7,152.7,92.6,135.6,106.2,140.8,101.1,142.6,108.2,147.3,104.3,115.9,111.8,130.0,108.9,119.0,128.1,135.6,125.1,115.3,137.7,139.2,133.0,130.7,150.9,131.1,155.7,131.9,159.1,133.1,166.7,25
33.0,0,105.2,113.2,149.9,113.4,129.2,135.5,102.8,156.9,147.2,158.5,79.4,107.9,115.3,104.1,94.9,114.3,103.1,110.5,102.9,116.9,110.4,114.3,137.2,103.0,164.3,102.2,140.8,114.9,147.9,110.1,148.6,116.8,155.9,113.9,119.6,115.7,133.3,115.1,118.1,129.3,137.8,128.9,111.8,137.9,142.0,138.4,127.1,150.7,127.1,156.1,127.4,162.4,127.1,169.8,26
32.0,0,106.1,112.5,149.2,111.3,126.9,139.5,98.8,152.9,144.9,152.8,80.6,107.4,115.7,104.9,95.9,113.7,103.1,110.0,103.1,116.7,111.2,113.1,136.4,104.2,166.9,102.5,139.9,113.2,146.7,108.2,147.6,114.9,155.5,111.2,118.4,114.1,131.7,113.9,114.5,131.7,136.0,130.7,111.4,139.1,140.7,137.8,125.9,152.3,125.5,155.3,124.2,160.4,123.5,166.3,26
37.0,1,100.1,113.0,145.9,110.8,123.3,140.6,108.9,164.1,142.7,163.5,82.0,104.2,113.6,105.5,93.9,113.2,100.9,109.9,100.8,116.0,108.8,113.6,131.7,104.9,170.3,104.3,139.9,112.2,147.7,108.1,148.1,114.1,155.6,111.8,117.3,114.8,129.5,114.7,115.7,134.2,133.4,133.5,112.9,143.6,138.0,143.2,124.3,160.2,124.4,163.7,124.1,168.7,123.6,174.0,27
35.0,1,104.2,110.2,144.2,108.7,126.6,136.3,108.0,156.7,142.2,155.7,85.6,106.9,118.0,105.4,97.1,112.1,103.8,108.3,104.0,113.3,111.2,111.0,133.5,104.6,162.4,103.7,137.9,110.2,144.8,106.3,145.0,111.8,151.9,109.6,119.1,112.4,131.4,111.7,116.8,130.6,135.4,129.8,113.1,138.1,139.2,136.3,126.6,154.0,126.6,157.1,126.5,157.5,126.4,163.4,27
53.0,1,104.1,113.8,138.9,112.5,126.4,135.1,111.6,156.0,140.6,156.8,90.7,106.1,115.2,104.5,100.0,114.0,105.2,111.2,104.8,116.6,110.5,113.9,132.5,103.4,155.7,102.6,134.2,113.2,139.4,109.8,140.0,115.2,145.1,112.3,119.4,114.3,130.8,113.6,118.7,129.0,133.1,128.7,114.9,137.0,136.9,135.6,125.9,152.4,126.4,156.3,126.2,157.4,126.4,163.8,28
51.0,1,102.8,111.9,140.0,110.5,128.8,137.0,105.9,157.3,139.0,156.8,83.5,108.7,117.6,106.4,96.9,112.9,103.6,110.1,103.4,114.6,109.7,112.4,132.7,105.4,155.8,101.6,134.7,111.2,140.7,108.6,140.7,113.0,145.7,111.2,117.7,113.2,130.3,112.4,118.0,128.8,134.6,128.2,112.9,137.8,137.8,135.9,126.5,152.5,126.6,157.3,126.1,163.0,126.6,171.0,28
50.0,1,107.5,114.0,144.1,114.4,129.5,135.1,107.5,156.1,137.2,156.9,90.1,106.0,120.0,102.4,100.3,114.8,106.3,112.3,106.0,116.6,112.9,114.8,133.2,103.7,157.6,102.7,136.7,114.8,142.8,112.1,142.9,116.8,149.5,115.1,119.9,114.6,131.7,114.5,118.8,129.5,135.6,129.2,114.5,137.3,139.3,137.5,126.3,152.7,126.5,156.0,126.6,158.9,126.4,164.4,29
47.0,1,106.2,115.8,145.7,114.7,125.2,134.7,108.0,156.4,140.9,155.9,90.4,110.0,116.7,104.8,100.2,117.4,105.6,114.3,105.6,118.4,111.0,116.4,133.3,103.0,162.8,107.0,138.9,115.5,144.4,113.0,144.5,117.3,150.5,116.2,119.8,116.2,131.0,116.3,116.8,128.8,134.3,129.4,111.1,136.5,139.9,136.9,124.7,148.8,124.9,152.5,124.1,162.4,124.0,167.2,29
62.0,1,105.6,112.8,149.2,112.2,122.8,138.6,106.2,154.1,149.8,154.3,88.4,104.3,113.0,101.8,98.5,113.5,105.6,110.8,105.3,115.8,112.2,114.1,135.6,100.3,162.5,103.9,141.5,113.0,148.6,109.3,148.4,115.1,155.5,112.7,119.3,114.2,132.1,114.1,114.5,127.9,133.0,128.8,109.5,135.9,138.8,137.0,125.0,151.5,125.1,154.7,125.2,161.6,125.4,166.5,30
60.0,1,104.2,112.5,143.5,115.0,118.1,136.7,106.5,152.0,140.6,154.8,90.4,101.9,111.1,102.2,99.2,112.4,104.6,110.6,104.9,114.6,110.7,112.4,134.0,101.8,160.1,107.3,137.3,114.2,143.9,113.2,143.2,116.5,150.2,115.5,118.7,113.6,128.6,114.3,113.3,128.8,128.7,131.1,108.9,135.9,133.0,138.4,119.8,152.7,119.9,155.4,119.1,158.0,119.2,162.3,30
33.0,1,109.2,114.4,146.8,112.1,129.3,134.7,105.6,157.2,146.7,155.3,82.9,111.7,116.8,103.2,99.8,117.0,105.7,111.7,106.5,118.1,113.0,115.0,137.3,101.6,161.1,104.9,139.0,113.5,144.5,109.1,145.3,115.7,151.4,113.2,120.6,114.5,132.5,114.2,117.3,128.0,138.2,126.9,112.3,135.7,142.1,134.3,129.0,149.9,129.3,154.5,129.2,164.2,129.8,170.4,31
37.0,1,100.0,112.4,144.3,109.2,130.5,133.4,104.8,161.5,144.0,160.1,83.3,107.3,114.4,102.5,94.4,113.7,101.1,109.2,101.0,115.0,107.9,112.8,136.2,103.5,160.0,98.7,138.9,110.8,145.8,105.9,146.1,111.8,152.5,108.9,119.5,113.6,132.5,112.1,118.2,127.7,137.5,126.4,112.7,136.6,142.8,136.1,128.1,152.1,128.6,157.3,129.0,166.4,129.7,174.0,31
33.0,0,103.2,112.1,144.4,111.9,127.2,137.1,110.5,155.8,144.4,156.5,88.9,103.3,116.2,106.5,96.9,112.5,104.7,109.1,103.9,116.8,110.8,113.4,135.7,106.1,160.2,99.8,139.8,112.7,147.0,107.9,147.3,114.9,153.6,111.1,120.5,114.7,133.1,114.5,117.2,129.6,136.4,129.2,113.6,136.6,140.5,136.5,128.2,149.8,127.9,153.0,126.9,160.3,126.6,164.9,32
24.0,0,101.1,115.3,143.8,114.2,132.5,137.3,111.0,157.7,147.2,157.8,84.7,110.6,115.6,102.9,95.1,116.2,101.8,113.4,102.2,117.8,109.1,115.2,134.5,102.9,160.3,107.8,138.0,114.9,144.0,112.9,143.9,117.2,150.5,115.9,119.0,114.5,132.5,114.4,119.1,130.9,139.1,128.9,115.1,136.4,144.6,134.6,130.5,147.7,130.9,151.4,131.6,162.6,132.3,167.8,32
58.0,1,103.9,114.6,146.3,113.2,126.5,137.9,105.4,162.4,144.4,161.4,88.6,109.7,112.6,103.1,97.5,115.9,104.7,112.4,104.1,117.6,110.7,115.2,135.9,103.1,161.3,106.7,139.5,114.5,146.0,111.3,146.0,116.3,152.6,114.6,119.3,116.1,130.7,115.9,117.3,129.4,135.2,130.1,112.1,138.8,140.1,137.5,125.0,152.4,125.3,156.2,125.6,166.0,126.0,170.6,33
58.0,1,103.2,113.0,144.6,111.1,126.5,141.5,106.9,158.5,146.3,157.7,86.9,106.3,113.1,102.6,97.2,113.4,103.2,110.8,103.5,115.5,109.9,113.1,135.9,102.0,161.8,105.1,138.6,111.8,145.6,108.9,145.3,114.0,152.9,111.5,117.1,114.0,130.7,113.3,115.7,132.2,134.4,132.3,112.1,139.7,139.4,139.7,125.7,157.5,126.2,161.3,126.8,161.5,127.1,166.8,33
56.0,1,107.2,114.5,148.5,110.9,130.1,134.0,104.5,156.8,150.5,152.2,89.9,108.3,118.1,102.6,100.0,115.6,106.6,112.1,106.9,116.7,115.0,114.3,136.8,102.9,161.6,102.1,139.4,112.6,146.3,108.8,147.1,112.5,154.6,110.0,121.4,113.9,134.1,113.1,118.1,127.5,137.5,126.4,113.2,135.3,143.9,134.3,129.4,148.7,129.8,153.1,131.5,163.1,132.2,168.4,34
52.0,1,101.4,112.7,141.1,116.5,117.0,137.8,98.2,154.6,141.5,157.9,85.5,99.7,112.5,101.7,92.4,110.8,99.0,109.4,98.9,114.2,107.0,112.9,127.1,104.5,159.4,109.5,134.0,115.1,141.4,113.5,140.4,118.5,147.2,117.4,114.7,114.7,126.9,115.7,108.7,129.8,129.5,132.1,103.2,136.1,133.5,138.0,117.9,152.7,117.5,157.3,117.6,165.8,117.6,172.8,34
31.0,0,105.4,114.6,149.3,113.8,123.2,133.9,109.3,159.9,142.3,158.1,90.7,103.9,116.7,103.2,97.3,115.7,104.9,111.7,104.6,117.8,112.0,116.0,133.8,103.0,165.9,105.5,141.3,114.9,149.0,111.2,149.0,117.0,155.6,114.8,119.2,116.0,130.9,116.0,116.5,130.6,132.2,130.5,112.5,139.2,136.9,139.1,124.1,150.1,124.0,154.8,123.9,159.8,124.2,165.9,35
31.0,0,102.0,113.9,151.1,115.9,118.9,136.2,104.0,161.8,140.3,160.4,83.2,104.1,114.8,104.2,92.3,112.8,100.3,110.8,99.8,116.6,108.5,114.4,135.2,103.0,175.9,110.0,142.9,117.0,152.5,112.9,152.8,119.0,161.6,116.9,116.0,115.5,132.7,116.6,111.5,130.7,132.1,132.2,107.2,138.9,136.2,141.1,119.2,156.4,119.0,160.2,120.4,159.9,120.4,165.4,35
54.0,1,100.2,111.4,140.4,108.8,124.4,133.8,104.2,159.4,142.6,155.6,83.4,106.6,111.3,103.2,94.0,113.6,99.7,109.3,100.5,114.1,106.8,111.6,125.1,102.4,154.6,100.1,134.0,110.0,140.8,106.4,141.3,111.1,149.0,109.4,114.9,112.6,126.8,111.7,111.9,128.0,133.1,125.5,107.6,137.3,139.8,133.2,123.5,151.8,123.8,154.8,124.4,158.8,125.3,163.9,36
56.0,1,99.8,110.2,141.7,110.1,121.2,134.7,101.3,148.0,139.3,148.1,86.1,99.0,109.6,99.5,93.5,110.0,99.9,107.1,99.8,112.6,106.3,111.0,131.8,100.7,156.8,100.6,135.8,111.3,142.8,107.2,143.2,112.7,150.1,109.7,116.5,112.6,128.7,112.8,111.2,125.9,130.7,126.0,107.3,132.3,135.0,133.5,118.9,145.6,119.4,149.5,119.9,155.3,119.8,160.7,36
43.0,1,104.3,113.7,145.2,112.4,133.5,135.9,107.9,155.8,147.5,154.1,82.2,106.4,115.9,105.7,95.5,113.5,103.7,110.8,103.3,116.8,111.3,114.1,136.8,104.2,159.5,101.2,137.9,113.1,145.2,109.6,145.0,115.2,152.0,112.2,120.7,114.0,133.6,113.4,119.9,127.9,138.4,127.7,114.6,136.3,142.3,135.7,130.6,152.1,131.2,156.9,131.1,159.7,132.2,167.4,37
40.0,1,105.1,113.5,138.4,115.6,129.2,133.8,105.5,156.8,136.3,156.6,87.0,103.8,117.6,106.4,97.2,113.3,102.8,110.5,102.8,116.6,110.1,114.6,131.0,108.3,147.2,104.2,131.5,115.7,137.3,113.2,136.9,117.9,142.1,116.2,117.7,116.6,127.8,116.4,118.6,129.4,132.7,128.1,114.1,137.5,137.2,136.3,126.7,151.9,126.2,156.3,126.2,158.5,126.1,165.7,37
55.0,1,99.9,111.7,136.3,112.2,127.0,133.8,107.8,158.1,136.0,157.7,83.5,105.7,113.8,103.3,95.1,112.1,102.2,109.5,101.2,114.0,107.6,112.7,128.3,104.2,153.0,106.6,131.5,112.9,137.1,111.0,136.8,114.6,141.9,113.4,116.6,113.0,128.6,112.8,116.9,128.5,131.8,128.7,112.5,136.0,135.3,136.6,124.8,152.9,124.6,155.9,123.9,157.1,123.8,162.6,38
47.0,1,104.6,110.8,144.9,110.7,117.1,139.6,108.7,158.3,151.5,157.2,91.6,102.0,112.4,102.6,98.5,111.4,105.2,108.2,105.1,113.6,111.6,111.6,132.6,103.2,165.6,105.5,139.2,112.3,146.6,108.0,146.7,114.0,153.7,111.5,116.9,113.3,128.8,113.7,111.4,129.5,131.2,130.2,107.2,139.4,137.3,138.8,122.1,154.2,122.8,157.5,124.1,164.6,124.9,169.5,38
55.0,1,103.8,112.0,143.5,109.7,124.4,141.1,103.0,156.9,146.8,155.4,88.0,104.8,114.0,103.1,97.5,113.1,104.5,109.2,104.2,116.0,111.2,112.7,135.0,103.1,160.1,101.0,136.5,111.0,143.8,106.9,143.6,113.8,150.9,110.5,118.8,113.0,130.0,112.9,114.7,130.1,134.2,129.7,110.6,139.9,139.6,137.6,123.7,153.8,124.3,157.5,125.2,165.1,125.6,170.8,39
52.0,1,104.3,111.7,147.7,110.2,120.2,135.2,105.7,156.4,149.9,153.0,90.6,102.5,115.7,104.4,97.2,111.5,105.0,110.0,104.9,113.3,112.8,112.0,132.0,103.8,167.0,104.4,140.3,111.1,147.4,109.0,147.6,112.3,154.5,110.3,117.4,112.9,130.9,113.1,113.1,125.7,131.8,125.5,106.4,134.9,137.9,134.9,123.6,152.4,124.1,156.2,124.5,157.2,124.8,162.4,39
70.0,1,104.0,112.5,151.8,113.1,121.8,136.3,107.0,156.2,151.9,155.2,86.9,100.0,116.4,103.1,96.9,112.1,104.2,110.6,103.8,114.3,111.9,112.9,133.0,103.6,169.6,101.7,143.5,113.5,151.9,111.1,152.4,115.1,160.7,112.8,118.7,112.9,132.7,113.0,112.4,127.6,135.0,127.4,107.3,135.6,140.8,135.2,125.5,150.7,126.0,155.4,127.1,160.4,126.4,165.8,40
69.0,1,97.6,113.6,144.9,109.6,127.6,137.3,103.8,152.9,141.9,148.9,82.4,109.6,116.8,104.5,92.3,114.2,99.2,112.3,99.9,115.8,107.4,113.1,134.2,103.9,164.1,102.5,138.9,110.8,145.7,108.8,146.0,112.0,152.7,109.9,119.1,113.0,131.6,112.5,115.5,127.4,136.0,126.7,110.7,135.0,141.1,133.6,125.0,147.1,124.9,150.6,125.1,157.8,125.7,162.1,40
60.0,1,103.7,112.5,143.3,112.3,129.0,138.0,102.0,156.4,139.6,156.0,84.1,105.2,116.7,104.1,94.9,113.2,102.5,111.3,102.3,114.7,109.2,112.6,132.8,104.2,156.3,102.9,136.6,112.8,143.1,111.0,143.0,114.1,148.7,112.4,118.1,114.5,130.2,114.2,115.6,129.4,134.5,129.1,111.0,137.5,139.2,136.8,125.8,151.8,125.1,156.9,124.4,156.7,124.3,163.1,41
62.0,1,103.1,108.3,145.2,111.2,121.9,140.5,107.7,153.7,147.6,154.3,86.3,97.8,114.4,103.4,96.1,107.3,103.2,106.0,103.1,109.6,110.3,108.9,131.1,103.4,163.6,104.1,138.0,110.5,145.8,110.2,145.5,112.6,152.0,111.5,116.8,111.2,128.8,111.3,113.9,129.8,133.3,129.5,109.6,138.1,137.7,138.2,124.1,154.1,123.5,157.4,124.4,160.4,124.7,167.7,41
62.0,1,112.7,111.3,147.8,110.2,122.7,136.7,111.9,153.6,142.1,155.6,97.6,104.1,118.8,102.8,107.1,111.2,111.5,109.5,111.2,113.5,115.5,112.2,132.7,102.5,160.6,105.2,141.4,110.7,146.7,107.9,146.8,113.0,152.6,111.1,120.8,111.6,133.0,111.9,116.8,126.5,133.7,127.3,112.4,135.3,137.8,137.4,123.6,152.6,123.9,155.4,124.6,158.6,124.6,162.7,42
62.0,1,108.3,110.7,147.9,111.4,116.2,138.5,110.6,158.5,150.6,158.3,94.9,98.6,115.3,104.5,101.2,111.1,107.6,108.4,107.4,112.9,113.4,112.1,131.3,103.2,164.3,105.2,140.1,112.1,146.4,109.3,146.6,113.5,152.6,111.6,117.9,112.9,131.1,113.1,111.3,127.4,131.7,128.7,105.5,136.2,136.7,138.3,122.6,152.7,122.5,157.8,123.5,166.4,123.3,172.9,42
32.0,1,104.8,112.2,143.9,111.9,127.5,134.6,108.3,160.9,141.3,160.4,87.8,103.4,116.8,103.6,98.4,113.1,104.7,110.7,104.9,115.1,110.5,112.9,133.6,103.1,158.2,102.0,138.9,111.9,144.5,110.1,144.8,114.3,150.1,112.5,119.5,113.2,130.8,113.4,117.9,127.6,132.7,126.9,114.3,137.1,138.1,136.8,127.3,152.8,127.5,156.1,126.6,164.7,126.5,169.7,43
33.0,1,102.1,111.1,151.3,111.9,125.1,136.6,98.2,155.5,146.5,156.8,79.3,105.4,111.2,103.8,93.5,112.2,100.3,109.6,100.3,113.5,107.3,112.2,136.1,103.3,165.6,103.3,140.3,112.6,148.1,110.2,148.0,113.8,156.0,113.0,117.1,112.8,130.4,113.1,114.5,128.7,134.7,129.8,109.4,136.3,139.6,136.8,123.1,153.2,123.0,155.9,123.3,158.5,122.8,162.7,43
35.0,1,104.1,110.1,146.1,107.7,120.8,134.8,109.3,156.9,144.3,156.2,90.6,99.7,115.6,103.1,98.9,110.6,105.4,108.2,105.0,114.3,111.9,111.8,130.7,100.7,167.9,98.9,139.7,108.9,148.1,104.6,148.5,111.9,156.1,108.4,116.4,111.8,130.1,111.8,114.2,128.6,132.2,129.0,111.1,135.2,136.1,136.5,122.2,151.3,122.5,156.1,121.9,158.6,122.1,165.9,44
36.0,1,104.6,111.6,147.3,110.3,131.0,147.7,102.5,164.1,143.4,161.5,81.8,104.6,115.8,104.6,94.5,112.3,102.5,108.8,102.5,114.5,110.0,112.4,136.1,106.4,162.4,100.0,139.0,112.1,145.6,108.4,146.3,113.5,153.7,111.0,120.8,114.2,133.4,113.8,117.7,134.5,137.8,134.2,112.0,145.6,142.8,144.9,126.7,162.5,126.7,165.7,126.3,169.9,125.9,176.9,44
44.0,0,106.1,113.9,147.0,112.7,126.4,138.4,105.3,155.0,142.6,153.3,87.6,105.2,118.6,101.0,98.8,114.7,105.2,112.1,105.5,116.4,112.5,114.2,133.0,101.5,160.2,101.2,138.8,113.9,145.8,110.5,146.2,115.0,153.8,112.8,119.5,115.1,131.7,115.2,116.2,130.5,134.1,130.3,112.0,139.9,139.8,138.6,125.5,151.6,125.8,155.8,125.4,158.4,125.5,164.2,45
44.0,0,91.1,111.2,139.3,103.6,129.1,132.5,109.1,160.6,146.6,156.4,66.1,102.5,102.1,98.6,80.4,113.7,88.0,109.4,88.6,115.1,96.8,111.6,124.0,94.0,148.7,87.5,130.6,106.7,137.2,101.9,138.3,106.8,144.2,103.4,109.6,111.9,124.5,108.4,115.1,126.6,134.6,122.7,109.8,136.5,142.7,131.3,129.6,151.0,130.3,157.3,129.6,157.5,131.1,164.7,45
55.0,1,107.3,109.4,150.3,109.0,122.4,135.2,107.9,157.6,145.1,157.9,91.0,100.1,117.6,101.5,98.8,110.3,106.4,107.7,105.8,113.0,113.1,111.4,135.0,102.1,167.6,100.4,142.4,110.7,150.3,106.9,150.3,112.3,157.5,110.6,119.7,111.7,133.7,112.2,114.0,128.1,134.3,127.4,110.1,136.5,139.3,135.9,123.7,152.9,123.6,157.4,125.0,159.3,124.9,165.4,46
55.0,1,103.7,111.1,142.7,110.9,129.0,133.2,108.9,159.9,144.2,160.2,87.8,103.4,113.3,100.5,96.8,113.4,102.7,108.6,103.3,113.7,108.8,111.4,130.0,100.3,151.3,100.2,135.8,111.3,142.1,107.8,142.3,113.1,148.2,111.5,117.8,112.8,129.8,111.7,118.0,124.5,136.0,124.4,111.7,135.7,142.4,134.9,129.2,151.2,128.7,155.4,128.4,159.7,128.6,165.6,46
29.0,0,105.3,113.5,151.8,112.7,120.2,138.4,106.5,155.7,152.6,153.1,84.8,105.4,111.4,104.2,95.6,114.4,103.1,110.1,102.9,117.5,111.5,114.5,137.9,103.2,170.1,104.9,142.1,114.5,150.3,110.0,151.0,117.2,159.5,113.8,118.0,115.0,133.3,115.2,113.3,131.5,133.7,131.3,108.2,139.4,139.7,138.2,124.3,152.0,125.0,156.7,126.5,158.3,126.5,164.6,47
29.0,0,103.9,116.2,153.1,115.7,120.4,134.0,109.5,162.1,148.7,162.9,89.1,105.0,113.0,103.2,97.6,117.4,104.9,114.7,104.9,119.2,112.3,116.4,141.4,102.7,175.5,106.1,144.8,116.3,152.4,113.3,153.2,117.8,162.0,115.7,117.8,116.1,133.5,116.2,112.9,129.7,134.7,129.6,108.2,137.0,141.4,136.2,123.0,150.0,122.9,154.4,121.9,169.6,122.3,176.2,47
28.0,0,189.5,128.1,231.4,140.9,206.5,163.7,168.4,165.9,210.4,181.1,168.8,113.7,204.8,124.7,179.6,126.2,188.9,124.7,187.2,131.4,195.6,131.6,223.8,129.8,247.3,135.8,223.2,139.7,231.2,137.5,229.4,143.8,236.6,143.0,205.3,135.6,216.3,139.5,196.9,151.5,215.4,157.1,188.4,155.4,215.0,165.6,197.0,174.5,194.8,177.9,192.1,180.8,189.1,186.6,48
30.0,0,101.4,109.8,144.9,110.2,115.6,139.0,103.4,155.4,146.3,157.0,87.3,98.4,111.6,105.0,94.4,110.0,101.8,108.2,101.9,112.5,108.6,110.4,128.2,104.5,163.2,102.1,138.1,111.1,145.4,108.7,145.8,112.7,153.1,111.5,114.5,112.4,127.5,112.9,109.5,130.0,130.4,130.2,104.4,138.2,135.7,139.1,118.6,152.7,118.9,156.2,119.7,163.5,120.3,170.3,48
42.0,1,105.6,111.2,146.1,111.5,129.0,124.4,108.7,144.2,146.6,144.6,85.0,106.6,118.5,101.3,97.9,112.5,105.2,108.9,105.1,113.3,111.8,111.7,136.0,101.2,162.7,107.8,138.9,111.9,145.5,109.8,145.5,113.9,151.8,113.0,119.9,111.7,134.0,111.7,117.9,122.0,136.6,121.9,114.8,127.8,141.2,127.8,130.0,138.4,130.1,141.8,130.3,143.4,130.5,146.8,49
43.0,1,102.3,115.1,148.2,111.2,126.0,129.8,108.8,156.6,154.2,152.0,83.9,112.6,110.3,103.9,94.7,117.2,102.0,111.8,103.2,118.3,109.8,115.7,136.9,102.2,168.5,107.1,140.9,112.9,148.4,107.8,149.2,114.3,156.5,112.2,117.9,115.2,133.5,114.2,114.2,125.7,136.6,123.8,110.7,134.4,143.0,132.4,127.3,147.6,128.3,151.9,129.6,157.7,131.0,162.3,49
56.0,1,103.5,115.5,146.1,114.9,125.1,136.3,104.4,156.2,144.4,155.6,89.2,108.1,112.9,101.8,98.8,116.3,105.2,113.7,104.6,118.0,110.4,116.6,132.7,103.1,163.4,108.3,139.0,116.1,144.8,113.4,145.0,117.3,151.2,116.3,117.4,116.5,130.7,116.3,114.3,129.7,134.5,130.7,112.7,137.6,137.9,138.2,123.5,148.4,123.3,151.9,122.9,159.5,122.7,163.5,50
54.0,1,104.1,114.5,145.9,112.6,120.9,136.0,109.4,159.3,147.8,157.5,88.2,105.8,112.7,101.2,98.9,116.1,105.1,111.6,104.8,118.1,111.1,115.6,131.7,100.7,164.8,106.0,139.1,114.0,146.1,110.0,145.9,116.2,152.6,113.9,116.3,115.3,130.6,114.3,112.5,130.8,134.8,129.8,111.0,140.1,138.2,137.5,124.7,152.8,124.9,157.1,125.5,162.4,125.4,168.1,50
55.0,1,104.3,113.7,145.0,113.2,122.7,138.4,104.0,154.0,148.9,153.6,87.4,105.3,115.4,105.3,97.4,114.7,104.2,111.8,104.3,115.8,111.1,114.6,132.7,104.3,161.0,103.9,139.4,113.7,145.2,111.3,144.8,114.9,150.5,113.9,118.9,115.1,130.3,115.4,112.6,129.5,134.0,129.8,109.1,138.8,139.1,138.2,125.4,153.8,125.2,157.3,124.9,158.8,124.2,165.2,51
53.0,1,101.4,115.0,144.2,113.4,128.0,135.9,102.6,155.2,144.4,155.0,84.8,108.2,116.2,103.4,93.8,114.6,101.7,112.9,101.4,116.5,109.8,115.1,133.7,102.6,162.1,104.1,138.9,113.3,146.8,111.8,146.2,114.9,152.2,113.8,117.9,114.7,132.3,114.5,115.5,128.1,137.9,128.7,111.2,136.6,140.6,137.4,126.7,152.6,126.3,156.1,125.4,157.3,125.3,162.3,51
25.0,1,106.7,116.6,142.4,115.1,125.2,139.0,105.7,155.4,146.8,154.9,91.2,109.1,115.4,106.7,99.9,116.2,107.1,113.1,106.3,119.9,114.3,117.9,132.9,106.4,161.0,106.0,136.7,115.9,142.8,110.9,143.6,118.5,150.3,114.6,120.0,117.8,129.4,117.6,116.7,131.5,132.5,131.4,112.5,140.7,138.0,140.1,125.4,152.2,125.7,156.2,126.3,159.6,127.0,165.4,52
26.0,1,100.3,112.0,141.7,111.6,121.8,134.8,106.5,158.0,147.9,156.7,85.9,103.0,115.8,103.2,97.6,113.1,104.9,109.1,104.6,116.1,111.8,113.3,133.7,102.9,164.4,102.6,138.9,113.2,146.4,108.4,147.2,115.2,154.6,111.3,118.8,113.9,130.9,113.8,115.2,128.4,132.4,128.6,112.2,138.4,136.8,137.0,124.8,152.6,125.0,156.8,125.1,157.6,125.0,163.8,52
57.0,1,105.4,107.4,147.9,113.9,116.4,137.0,105.9,155.6,145.0,161.1,90.5,98.5,114.1,102.9,100.1,107.1,106.0,105.2,105.5,109.3,111.6,108.9,131.6,105.5,167.6,109.0,141.7,112.8,148.0,111.5,147.4,115.6,153.1,114.4,117.7,112.2,130.7,113.6,113.1,127.2,131.5,130.3,107.7,134.8,135.8,140.6,120.5,156.5,120.5,160.3,120.7,161.1,120.2,168.3,53
61.0,1,104.2,111.9,144.3,112.0,122.0,134.6,106.9,156.5,146.4,157.2,90.0,102.6,112.9,102.8,98.1,111.9,104.5,109.8,103.7,114.1,110.0,112.8,132.2,101.4,157.6,104.2,137.2,113.3,143.2,109.7,143.3,114.2,149.4,112.2,118.1,114.5,129.0,114.3,115.3,127.4,131.4,127.6,111.7,137.5,136.4,137.0,125.1,152.2,125.3,156.4,125.4,158.7,125.8,163.1,53
60.0,1,100.6,113.1,141.7,111.9,126.3,136.3,106.4,158.0,143.7,156.7,85.2,107.5,117.2,103.1,96.8,113.3,103.1,111.2,102.9,115.7,108.5,112.9,135.1,102.6,161.9,105.1,137.9,111.6,144.4,109.8,143.8,114.3,149.9,111.9,118.6,112.6,130.7,113.0,116.4,127.9,132.9,126.7,112.6,136.2,137.7,135.3,126.4,153.5,126.5,156.7,126.1,163.1,126.1,168.0,54
63.0,1,102.8,109.2,144.5,111.5,126.3,134.2,104.5,155.0,136.9,156.7,86.9,100.6,117.9,96.3,98.6,109.7,104.3,107.3,104.0,112.3,110.6,110.2,137.2,98.0,166.3,102.6,139.9,111.5,146.6,109.3,146.3,114.2,152.5,112.4,119.4,110.9,132.3,111.5,116.4,126.2,133.0,126.7,111.9,134.3,137.3,134.9,121.9,151.4,122.0,156.1,121.1,161.6,121.2,167.0,54
29.0,0,102.3,111.8,143.6,111.0,123.5,139.1,104.9,155.2,138.3,156.0,86.1,105.2,113.1,105.9,96.9,111.9,103.1,110.2,102.6,115.0,108.8,112.6,134.9,105.5,158.1,104.7,137.2,112.2,143.6,108.9,144.1,114.1,150.2,111.2,117.2,114.5,130.5,114.5,113.0,129.8,132.8,130.3,109.0,138.4,136.7,139.3,122.6,151.6,122.6,155.1,122.7,157.7,122.3,163.8,55
28.0,0,98.3,110.9,142.4,110.3,122.7,138.9,100.8,156.0,150.7,155.8,83.4,102.9,113.3,104.2,94.9,111.1,102.2,107.9,101.9,113.1,110.0,111.7,135.2,102.7,163.2,103.7,139.1,111.7,147.4,106.8,147.2,112.7,154.5,110.6,116.6,113.7,132.5,113.3,113.6,130.0,134.6,129.8,108.2,137.7,141.0,137.2,124.6,155.1,125.2,159.8,124.9,163.6,124.7,170.3,55
71.0,1,103.9,112.5,145.3,110.9,121.9,139.4,105.1,158.3,146.2,153.6,89.3,105.3,113.9,104.4,97.5,113.9,103.9,110.6,103.9,115.6,110.2,113.6,132.6,103.7,161.2,103.9,137.9,112.4,144.8,109.0,144.9,113.9,151.3,111.5,117.9,114.9,129.1,114.1,113.7,130.1,131.7,129.7,110.0,139.2,136.0,136.9,123.0,153.3,123.3,156.9,123.9,161.2,124.1,167.9,56
70.0,1,90.9,110.4,142.1,112.9,124.3,148.8,92.6,173.3,135.7,175.3,74.6,95.2,111.8,100.0,82.6,110.7,93.5,106.7,92.3,116.1,102.8,113.2,136.0,101.8,163.4,100.3,136.2,114.2,144.2,111.4,144.4,117.4,152.9,113.8,116.3,114.7,131.7,115.5,111.4,136.4,133.1,136.3,105.6,146.6,135.8,147.9,117.9,169.4,117.4,174.9,115.8,177.2,115.3,185.3,56
60.0,1,101.7,112.4,146.2,111.5,127.2,134.9,105.6,157.3,143.9,156.9,81.0,107.2,112.7,102.2,92.8,114.1,100.4,109.4,100.2,115.9,108.0,113.3,135.1,103.4,163.3,102.5,138.8,112.7,146.0,108.4,146.3,114.6,153.5,112.5,118.4,114.1,131.8,113.6,115.0,127.7,137.0,127.0,111.1,137.6,142.4,136.5,126.2,152.2,126.0,156.0,126.5,158.2,126.7,163.9,57
61.0,1,101.7,111.5,147.9,110.9,119.6,137.6,105.3,155.8,148.0,154.8,82.5,106.1,112.4,103.7,93.6,112.8,100.5,109.4,101.0,114.1,107.9,112.9,132.0,102.7,167.5,106.7,140.3,112.3,147.5,108.5,147.6,114.0,153.9,112.0,115.8,114.4,130.0,114.1,111.8,128.0,132.9,127.8,106.1,138.3,139.9,136.9,123.8,151.8,123.9,156.2,123.0,157.8,123.3,163.1,57
46.0,0,95.5,110.8,140.0,109.4,125.0,134.5,103.5,158.2,141.3,157.1,77.7,103.8,111.3,102.4,89.6,111.3,97.1,107.4,97.2,114.5,105.0,111.5,133.5,102.1,159.5,97.8,136.0,111.0,141.4,106.3,142.7,112.7,149.2,109.3,115.3,112.7,126.9,112.3,114.2,127.2,132.8,127.3,111.0,137.2,137.1,136.2,123.7,151.9,124.1,155.9,123.5,157.2,124.3,163.2,58
43.0,0,104.1,111.9,147.4,111.4,120.5,132.9,109.7,158.4,144.1,158.5,89.8,104.2,113.6,105.3,97.3,113.9,103.6,109.3,103.6,116.8,110.8,113.9,134.7,103.8,163.8,101.6,140.6,113.7,147.6,108.5,148.2,115.7,156.1,112.8,117.9,114.3,130.1,114.3,114.2,127.8,131.5,127.8,111.6,135.8,136.1,135.3,123.1,152.0,123.3,155.5,123.8,158.2,124.5,164.3,58
47.0,1,99.3,111.7,143.8,111.1,119.9,137.9,107.7,157.2,147.9,157.5,86.6,103.8,108.9,104.9,93.9,113.1,100.4,110.9,100.3,114.5,106.6,112.4,129.8,103.4,164.5,106.1,137.7,112.6,144.3,110.4,144.4,113.8,151.5,112.4,113.0,114.3,128.2,113.7,111.6,130.6,130.9,128.9,107.1,138.4,138.5,136.6,124.4,151.5,124.8,156.8,125.8,161.0,125.7,168.8,59
41.0,1,83.3,113.2,114.5,110.4,96.7,138.6,88.0,160.3,120.4,156.3,67.1,105.9,87.5,102.6,77.3,114.7,82.1,110.7,82.8,116.0,87.5,113.3,101.8,102.7,129.0,101.2,108.6,111.5,114.8,109.1,114.9,114.4,120.3,111.4,91.1,114.0,102.3,112.7,88.4,131.4,106.4,129.5,84.8,139.9,112.0,137.3,100.3,154.3,100.9,159.2,102.6,165.3,104.1,172.2,59
46.0,1,103.0,111.2,144.1,110.0,126.0,134.7,108.8,157.9,143.6,156.2,88.4,105.8,115.1,103.1,96.4,112.1,103.6,109.3,103.6,114.8,110.5,112.4,133.1,103.7,159.6,104.3,138.0,111.3,144.4,108.2,144.3,113.7,151.1,111.2,119.9,113.4,130.0,112.7,117.3,127.4,132.9,126.5,113.8,136.6,137.6,136.7,127.1,153.1,127.0,156.2,127.1,156.1,127.2,159.7,60
44.0,1,103.2,112.0,146.1,111.5,130.0,138.8,102.8,155.1,145.1,154.8,84.6,106.6,115.3,103.1,96.6,113.1,103.8,109.8,103.6,115.1,110.7,113.7,136.3,103.1,159.8,103.3,139.1,113.3,145.7,109.7,145.5,114.7,152.2,113.2,119.3,114.8,131.6,114.3,116.8,129.4,136.7,128.8,112.6,137.1,141.0,138.6,128.3,152.0,127.8,154.8,127.5,160.6,127.6,166.2,60
58.0,1,107.5,111.3,146.6,109.8,124.6,139.4,105.2,156.7,144.9,156.9,88.3,101.3,117.7,103.7,98.9,111.0,105.1,108.4,105.3,114.5,112.4,111.9,132.7,103.8,159.8,98.7,139.5,111.3,145.1,106.8,146.3,113.0,152.9,109.4,119.7,113.1,131.6,113.4,116.9,128.4,132.7,128.9,112.5,137.3,136.9,137.6,124.0,154.3,124.6,157.5,125.0,159.7,125.0,165.1,61
61.0,1,99.8,111.4,140.4,110.1,130.2,136.9,105.6,157.8,142.4,157.0,82.2,102.6,114.0,104.7,92.7,112.2,100.3,108.9,99.4,114.7,106.4,112.9,130.6,105.5,156.0,100.2,134.6,111.0,140.6,107.3,141.2,113.3,146.8,110.2,118.3,113.4,130.0,112.8,117.4,128.3,135.0,127.1,112.4,137.2,139.4,136.1,127.6,153.3,127.5,157.2,127.0,161.5,127.4,167.8,61
31.0,1,105.3,110.1,143.0,108.8,128.2,135.6,110.0,157.0,145.7,156.5,87.9,104.1,117.2,99.9,98.7,110.6,105.6,106.1,105.6,114.2,112.9,111.5,134.4,100.2,160.2,100.5,137.2,110.8,143.6,105.3,144.5,112.7,151.5,109.4,120.1,112.4,132.8,112.2,118.3,129.5,136.6,128.8,114.5,137.0,141.2,135.6,128.0,152.1,128.6,156.3,129.3,159.5,129.3,165.1,62
31.0,1,105.3,111.7,142.1,110.5,117.6,134.1,107.0,151.1,146.8,148.6,91.8,102.3,113.7,103.5,100.3,112.4,106.0,109.4,105.9,113.4,111.8,112.7,126.5,103.6,156.7,104.1,135.8,111.5,142.2,108.5,142.7,112.1,148.7,111.2,116.2,113.8,127.4,113.3,111.7,127.2,128.8,126.2,107.5,135.0,135.1,134.0,122.3,146.6,122.6,150.9,123.3,156.2,123.1,163.1,62
70.0,0,101.0,111.3,144.9,109.1,126.3,140.9,104.5,155.2,149.6,152.5,75.4,102.5,110.5,100.7,94.0,112.2,100.5,109.5,100.6,113.8,107.8,112.0,133.7,100.6,163.2,98.7,137.8,111.0,144.6,107.5,144.6,111.7,151.7,109.3,119.1,113.3,129.8,112.9,116.7,130.4,135.7,130.0,111.3,139.0,140.0,137.2,127.0,153.8,127.0,155.8,128.5,161.5,128.6,166.0,63
65.0,0,106.6,111.6,142.7,110.9,120.7,135.3,108.0,158.0,145.6,157.6,92.6,104.5,117.5,103.7,101.4,112.3,106.9,108.7,107.0,113.3,113.5,111.8,129.6,104.1,162.6,106.1,135.9,111.6,142.4,108.4,143.3,112.8,149.8,111.0,118.4,113.0,129.2,112.8,116.0,129.2,130.9,129.7,110.5,136.0,135.6,135.4,122.6,151.7,122.9,156.9,124.0,162.9,124.6,169.9,63
32.0,1,105.2,112.9,145.7,110.3,121.6,138.5,108.7,154.9,148.0,154.3,90.0,107.9,114.9,105.2,99.4,113.7,106.3,110.8,105.9,115.2,111.9,113.2,132.1,105.4,162.2,103.7,140.0,111.5,145.5,108.8,146.1,112.8,152.1,110.4,118.8,114.3,131.5,113.9,115.1,129.4,134.6,129.1,111.4,138.0,139.1,137.2,125.4,150.6,126.0,154.2,126.8,161.6,126.6,166.6,64
34.0,1,101.5,112.3,144.2,111.6,129.7,134.2,107.6,158.3,146.9,157.3,79.8,108.0,114.8,102.7,94.0,114.5,101.5,110.4,102.4,115.8,109.3,112.9,135.5,103.7,161.3,105.8,139.6,112.6,146.3,109.5,146.1,114.8,152.5,112.8,118.8,114.0,132.9,113.2,117.4,128.6,138.2,127.1,112.4,135.6,143.8,134.1,128.9,153.2,129.2,156.8,130.7,157.3,131.3,162.3,64
47.0,1,104.5,110.3,143.7,110.6,128.3,135.2,109.6,157.3,141.1,157.0,84.7,103.4,114.2,102.6,96.9,111.3,103.2,107.4,103.3,114.1,110.5,111.0,132.8,103.7,157.3,102.4,136.0,111.5,142.2,108.2,142.4,114.2,149.3,111.5,118.6,112.1,129.6,111.7,117.8,126.7,134.6,126.3,114.3,136.6,138.1,135.1,127.5,152.9,127.4,157.0,127.5,159.9,127.5,166.6,65
53.0,1,105.8,110.6,148.3,112.0,125.3,135.7,103.2,157.0,145.2,156.6,88.4,102.6,117.2,103.9,99.1,110.7,104.7,108.5,105.3,112.6,111.5,110.3,134.3,103.8,165.5,103.4,141.3,111.3,148.2,110.3,147.9,113.8,154.1,111.5,119.2,112.6,133.5,112.5,115.1,126.0,135.3,126.2,111.3,135.3,139.3,135.5,125.1,152.7,125.2,156.1,125.5,160.2,125.8,165.9,65
47.0,1,99.5,112.0,146.0,111.9,126.6,135.4,105.7,158.3,145.4,157.2,82.1,100.5,110.2,99.2,93.7,112.1,100.2,108.8,100.2,114.9,107.3,112.4,136.1,99.2,163.0,100.8,139.2,112.8,146.3,108.6,146.3,115.3,153.2,112.2,118.4,113.0,132.1,112.9,116.4,130.4,135.0,130.4,113.5,138.9,138.6,138.6,127.0,154.3,127.1,157.6,126.9,158.4,127.6,162.8,66
47.0,1,104.9,115.3,142.7,116.8,127.8,134.3,106.6,156.5,139.9,158.9,89.4,103.3,117.3,101.1,98.6,115.8,104.6,112.9,104.4,118.0,110.9,115.8,134.7,101.0,157.4,105.6,136.7,117.5,143.4,114.3,143.7,119.2,150.1,117.4,119.5,115.6,131.0,115.8,118.9,129.1,133.8,129.2,114.5,137.7,137.2,138.4,127.2,151.4,126.7,156.2,125.4,160.4,125.4,166.1,66
59.0,1,104.2,111.6,145.0,111.1,122.0,129.8,104.6,152.4,145.6,151.1,88.7,106.9,118.4,103.6,96.6,112.9,104.0,109.7,103.2,114.7,111.1,112.5,132.3,102.3,163.9,106.2,139.9,111.8,146.5,108.3,146.1,113.4,152.5,112.5,119.1,112.2,130.5,112.4,114.8,123.8,132.7,124.3,109.7,131.3,138.4,132.0,123.5,143.5,123.2,147.2,122.1,160.9,122.6,164.8,67
53.0,1,103.9,115.1,146.9,109.9,124.1,135.9,106.3,157.3,149.2,152.9,88.0,112.4,115.9,108.2,97.8,117.2,103.7,113.1,104.4,118.2,110.7,115.6,132.3,105.3,162.5,105.9,141.2,111.4,147.2,107.6,147.3,113.1,153.1,111.1,118.1,113.8,129.1,113.3,114.8,128.9,133.5,126.7,110.4,137.7,140.2,134.0,126.1,151.6,126.1,154.3,126.3,159.6,126.6,163.9,67
30.0,1,100.8,112.3,140.6,111.8,128.9,134.9,105.8,158.3,140.0,157.6,86.4,106.0,114.1,101.8,94.7,112.4,101.8,110.8,101.6,115.5,108.6,113.2,135.0,102.4,157.6,102.1,136.5,112.2,142.8,110.0,142.2,114.5,148.6,112.6,117.1,112.9,130.9,112.4,116.5,127.7,135.1,126.8,112.9,136.2,138.6,134.8,125.7,150.7,125.6,154.1,126.7,161.3,126.8,166.5,68
32.0,1,101.7,115.9,136.6,111.7,129.6,133.6,105.8,158.0,137.1,156.0,86.8,107.4,110.7,102.0,96.7,116.4,102.0,113.6,102.2,117.4,107.3,115.1,132.8,101.6,148.6,101.1,132.1,112.3,137.2,109.5,137.4,113.7,142.1,111.8,118.1,115.0,128.9,113.3,116.3,129.0,133.5,126.3,112.6,135.8,137.7,134.0,125.7,148.2,126.1,152.0,125.3,159.6,125.9,164.4,68
27.0,1,102.3,111.1,146.5,111.1,126.2,145.1,104.3,154.0,148.4,151.4,82.2,105.0,112.6,106.9,94.7,111.7,102.2,109.2,101.7,114.8,110.0,112.5,137.8,105.6,165.5,103.5,140.0,112.5,146.1,108.5,146.8,114.6,154.0,111.2,118.0,114.5,132.0,114.4,116.0,134.1,134.3,132.7,112.0,140.9,138.5,139.4,126.1,154.2,126.3,157.3,127.3,163.4,127.8,169.7,69
25.0,1,101.5,107.9,143.0,109.8,123.4,136.7,108.6,157.4,143.6,157.0,90.4,96.6,117.0,98.0,97.5,108.9,104.4,105.2,103.7,112.3,110.7,110.1,131.9,100.4,161.8,101.9,138.1,111.8,146.2,107.3,145.6,114.4,153.6,112.1,119.2,111.3,130.8,111.6,115.5,128.1,133.2,129.2,112.3,138.1,136.8,137.9,123.4,151.8,124.2,156.6,125.3,160.2,125.9,168.9,69
48.0,1,108.8,111.5,150.1,111.8,122.2,133.6,109.7,164.8,144.4,165.2,90.9,103.6,118.3,103.7,100.4,113.6,106.9,109.2,107.2,115.1,114.0,112.9,133.1,102.9,166.0,106.2,142.3,112.0,149.8,109.1,148.8,114.9,156.0,114.0,120.4,113.5,131.8,113.1,117.3,128.6,133.6,128.0,112.9,138.0,138.0,137.0,124.6,151.5,124.3,157.1,124.0,167.2,124.6,175.8,70
47.0,1,105.7,111.8,135.5,115.4,129.2,136.2,104.2,157.6,129.2,157.8,92.3,102.8,120.6,106.0,99.9,112.3,105.9,109.7,105.6,115.1,111.6,113.3,132.1,107.4,146.5,104.4,130.8,116.0,135.5,112.7,135.7,118.3,140.4,115.4,120.1,114.7,128.6,115.6,118.6,128.3,132.5,128.7,114.5,136.5,133.7,136.3,123.7,149.4,123.1,154.3,121.5,163.1,121.2,169.9,70
56.0,1,105.0,113.7,143.7,111.7,128.3,138.5,105.2,156.7,136.4,155.8,89.3,104.0,117.2,101.9,98.0,114.4,104.7,110.6,104.6,117.0,111.4,114.7,137.5,101.8,157.3,100.7,137.6,113.7,143.0,109.1,144.0,115.2,149.4,111.9,119.8,115.6,132.6,115.6,117.5,131.2,135.1,131.0,111.5,138.1,138.4,138.7,124.7,152.1,124.6,156.1,123.9,159.8,124.0,165.4,71
60.0,1,104.7,112.9,145.4,111.4,122.2,135.8,108.7,158.2,141.8,157.6,90.1,107.6,116.5,103.0,99.8,114.0,106.2,110.1,105.8,116.5,111.4,114.2,133.2,102.1,162.0,104.8,139.2,113.0,145.5,108.6,146.0,115.0,152.6,112.3,118.3,114.9,131.4,115.3,113.2,129.3,134.0,128.8,109.2,137.0,138.1,137.0,122.4,150.4,122.5,155.1,122.9,161.5,122.9,167.5,71
34.0,0,102.1,110.6,146.9,109.9,124.6,140.8,105.0,154.0,143.8,154.6,79.5,104.1,114.7,108.0,92.9,111.4,101.9,108.6,101.2,115.0,109.7,112.2,133.5,107.0,167.1,100.8,139.2,111.5,147.2,108.0,147.4,114.2,154.3,110.7,117.6,114.3,130.6,114.3,116.7,131.8,131.7,131.8,112.4,139.3,136.6,139.7,125.2,154.2,125.0,158.1,124.9,159.1,124.8,165.8,72
30.0,0,95.9,114.2,139.1,113.0,126.5,130.8,107.5,160.9,143.0,158.7,77.2,106.3,114.3,104.6,89.9,115.3,98.4,111.8,98.1,117.8,106.2,115.1,130.4,103.4,157.1,102.6,135.0,113.9,142.8,110.3,142.6,116.5,150.3,113.8,116.3,113.8,128.5,113.7,116.3,126.8,131.6,126.2,112.0,136.9,137.0,136.6,126.8,148.7,126.5,153.9,127.2,165.3,127.2,172.3,72
53.0,1,137.9,118.1,165.2,128.6,150.4,145.6,127.9,156.5,152.1,166.3,128.8,102.7,150.3,112.3,132.5,116.3,137.4,115.9,136.2,120.2,141.5,119.9,163.3,118.3,179.3,124.7,161.5,127.0,166.5,126.7,165.5,131.0,170.2,130.9,149.0,122.8,157.6,126.1,143.9,136.3,156.7,140.2,138.0,140.5,158.5,148.2,143.5,158.4,142.7,160.4,140.9,165.1,140.6,169.1,73
50.0,1,96.5,114.3,149.3,113.2,126.5,148.7,103.7,181.0,144.0,180.4,73.0,111.6,109.4,102.4,88.2,116.8,95.9,111.2,96.0,118.5,103.5,116.1,137.3,101.7,169.9,107.7,140.7,116.3,149.3,109.5,149.3,118.0,157.8,115.4,116.7,116.9,131.5,116.7,114.3,139.6,136.2,138.1,108.2,151.6,142.1,151.1,124.3,171.6,124.3,176.4,124.4,188.0,124.8,193.2,73
61.0,1,104.5,110.1,148.4,110.2,123.0,137.0,108.1,159.4,140.2,161.3,87.5,105.5,113.8,104.0,97.2,111.7,103.9,108.2,103.9,113.5,110.5,111.2,137.3,102.9,161.1,105.7,141.2,111.2,147.3,107.8,147.4,113.7,153.4,111.8,119.4,111.8,130.4,111.8,117.4,128.3,132.8,129.2,111.4,137.0,136.5,137.9,122.2,155.4,122.2,159.2,122.4,159.9,122.6,164.6,74
57.0,1,108.1,111.0,149.1,111.0,124.7,134.6,109.5,157.9,141.7,159.1,93.5,104.3,116.4,101.7,102.0,111.7,108.2,108.5,108.1,113.2,113.6,110.7,134.5,102.3,165.6,105.5,141.9,111.1,148.0,109.1,147.8,113.3,154.1,112.3,119.8,110.8,132.0,111.5,117.4,126.6,133.0,126.6,113.5,135.6,138.0,136.4,123.9,153.4,124.0,157.3,124.2,160.6,124.0,167.0,74
51.0,1,100.3,112.6,141.9,111.9,124.7,138.4,104.9,155.1,149.1,152.2,83.9,105.9,111.5,103.7,94.8,113.5,101.0,110.2,101.1,114.7,108.0,113.8,132.9,103.1,162.2,104.2,137.1,113.2,143.0,109.0,143.3,113.8,149.8,112.3,116.4,115.6,130.2,114.9,113.7,130.2,135.9,129.1,107.7,138.8,143.4,136.9,126.0,151.4,125.9,154.0,126.5,163.1,127.2,168.8,75
50.0,1,103.0,112.9,146.5,103.3,132.9,134.2,102.2,155.7,150.4,147.0,79.1,107.1,112.2,101.2,93.3,115.1,101.2,111.3,101.7,115.8,109.1,112.8,133.5,97.1,160.1,89.8,138.6,106.5,144.4,101.6,146.3,105.7,151.7,102.0,116.8,112.4,132.2,109.5,117.5,129.4,138.3,125.3,113.5,139.0,144.7,131.9,130.8,149.0,131.4,152.7,131.9,156.6,132.8,163.1,75
29.0,1,104.5,114.0,144.9,112.0,125.6,138.8,102.3,156.2,147.1,154.4,85.6,105.9,114.0,102.8,96.9,114.9,102.4,111.6,103.0,117.3,110.5,115.0,132.0,103.4,159.3,100.5,137.1,114.4,143.6,110.4,144.4,116.1,151.4,113.1,119.1,114.5,130.5,114.5,114.4,131.3,135.5,130.0,108.5,139.2,141.1,137.9,124.9,152.0,125.3,155.8,125.1,165.4,125.5,171.4,76
29.0,1,102.2,115.0,147.1,113.4,123.2,137.8,103.9,156.9,151.5,156.6,85.2,99.4,113.3,103.0,95.7,113.6,102.8,112.9,102.6,115.9,109.1,114.2,131.2,103.1,163.7,98.9,139.6,113.5,147.3,111.7,147.3,115.0,153.4,112.4,116.9,115.0,130.1,114.8,114.6,130.6,134.0,130.1,110.3,139.9,139.6,139.1,125.3,154.3,126.0,159.4,127.6,165.4,128.7,174.1,76
51.0,1,104.4,112.5,143.4,110.8,128.9,136.7,106.3,152.6,143.6,151.3,89.1,105.8,116.7,102.0,98.6,112.8,105.4,110.3,105.5,114.2,111.6,112.4,133.2,101.8,158.1,100.8,138.8,111.0,144.3,108.7,144.9,112.1,150.5,110.0,119.9,112.7,131.5,111.7,117.5,127.4,136.2,126.9,112.0,134.2,142.2,132.7,127.3,146.1,127.6,149.8,127.4,157.7,128.2,164.1,77
51.0,1,104.5,113.9,143.9,113.1,127.9,133.4,108.3,159.8,145.9,159.5,90.2,105.7,115.8,102.2,97.6,115.1,104.2,111.8,104.3,116.0,110.8,113.5,133.3,102.3,156.3,101.6,138.1,113.9,144.7,110.7,144.7,114.7,150.8,113.7,119.4,113.9,131.1,113.4,117.8,126.7,135.6,125.9,113.6,136.1,140.5,135.0,128.9,150.2,128.9,153.4,128.7,159.4,129.0,164.3,77
22.0,0,109.5,109.3,144.8,110.4,123.0,126.7,107.9,146.1,140.5,146.8,94.7,101.2,116.4,102.6,102.4,110.2,108.6,107.5,108.9,111.1,114.7,109.7,131.9,102.6,159.3,102.7,138.2,110.8,143.4,108.9,143.9,112.1,149.7,111.0,119.0,110.1,130.0,110.2,116.8,121.8,132.4,122.8,114.4,128.6,134.3,129.0,123.3,140.3,123.0,143.6,122.9,147.3,123.2,152.2,78
28.0,1,107.0,112.5,143.4,112.2,124.7,135.0,112.5,158.8,142.8,158.7,93.0,103.5,115.7,104.8,101.4,113.6,107.1,110.1,107.4,116.3,113.1,113.7,132.9,105.0,161.0,103.8,137.7,113.3,144.9,109.4,144.7,115.9,151.1,113.5,119.1,114.0,130.6,114.3,117.0,129.8,133.9,129.6,115.6,136.2,136.5,136.4,126.6,150.5,126.8,155.3,127.3,159.6,127.4,165.6,78
36.0,0,105.2,111.1,150.1,110.2,129.9,134.1,106.3,159.4,143.8,158.9,84.9,102.6,115.1,101.8,95.6,111.8,103.5,107.7,103.2,115.2,111.7,110.8,134.9,103.8,161.9,97.1,140.4,111.4,146.9,106.9,148.2,114.0,156.1,110.1,120.2,112.7,133.5,112.4,117.5,127.9,137.8,126.4,113.8,136.9,142.5,136.4,128.5,150.6,128.4,155.5,128.8,157.8,128.7,165.9,79
39.0,0,100.4,111.8,144.3,112.8,129.5,132.2,105.7,158.5,138.8,158.2,80.5,107.1,118.3,104.9,92.7,112.2,101.4,108.5,101.0,115.1,109.3,112.9,133.6,105.4,156.8,102.4,135.6,114.4,143.4,109.7,143.1,116.8,150.3,113.9,118.6,114.6,132.0,114.9,116.8,128.0,136.1,127.9,113.1,136.4,138.7,135.8,126.7,150.8,126.7,155.8,126.0,158.1,126.1,164.2,79
56.0,1,106.3,104.9,150.6,105.3,121.9,135.0,107.0,156.0,146.6,156.6,85.9,100.0,115.2,98.7,97.5,106.9,104.3,102.9,104.7,109.0,112.2,106.7,131.5,98.8,172.5,98.6,142.3,106.6,150.6,102.4,150.7,109.1,159.2,106.5,117.8,108.4,131.0,108.6,115.3,127.2,133.3,127.7,110.3,136.0,138.3,136.6,123.5,152.7,123.8,156.4,124.3,159.4,124.5,165.7,80
57.0,1,104.4,110.6,142.6,109.2,122.9,138.9,110.5,151.4,147.6,150.9,90.0,100.3,114.6,105.0,99.7,110.6,105.6,108.4,105.4,113.6,111.0,111.8,127.6,104.8,159.6,101.0,137.4,110.0,143.6,107.2,143.9,111.7,149.6,109.2,116.8,112.5,129.6,111.4,115.1,129.6,133.4,128.2,111.5,137.6,138.5,136.6,126.1,151.8,126.5,155.9,127.1,157.3,127.4,164.1,80
54.0,1,105.4,111.6,144.0,109.5,133.6,133.6,107.7,158.9,143.0,157.0,85.6,108.9,117.1,103.0,96.4,113.9,103.6,109.7,103.8,115.7,110.4,112.6,135.9,102.0,155.7,103.6,135.9,111.3,142.5,107.4,142.3,113.8,147.9,111.0,120.3,113.1,132.4,112.3,119.7,127.7,137.2,126.1,115.1,137.7,141.2,136.8,130.3,152.4,129.7,157.1,129.1,159.7,129.0,166.8,81
56.0,1,101.3,113.7,143.4,111.4,124.0,137.3,108.0,156.8,151.1,155.7,86.4,106.3,112.0,103.3,96.9,114.8,104.2,111.6,104.1,116.2,111.4,114.1,134.9,103.0,167.0,105.7,138.9,112.1,146.6,108.8,146.4,114.0,153.5,111.6,117.0,114.2,132.8,114.0,115.0,128.9,135.8,129.1,109.9,137.1,141.8,136.2,126.4,151.5,126.9,155.7,127.6,165.8,127.2,172.3,81
64.0,1,102.8,112.7,149.1,112.2,122.3,134.4,106.3,158.3,148.7,158.8,84.1,105.8,111.5,101.9,94.7,113.8,100.9,110.0,101.4,114.7,107.7,112.6,132.0,101.3,165.1,103.9,140.9,112.4,147.5,109.9,147.7,113.9,154.9,113.1,117.2,113.7,129.0,113.0,114.8,128.7,133.2,128.2,110.0,135.3,139.1,136.2,125.9,150.9,126.0,153.1,126.0,165.9,125.9,170.8,82
62.0,1,110.8,112.8,146.3,110.9,121.9,131.0,115.7,154.3,143.9,151.9,99.8,101.8,117.5,103.3,105.7,114.2,110.5,110.0,111.5,115.5,116.5,113.0,133.5,101.5,161.2,100.7,141.5,111.5,146.7,108.3,147.1,113.1,152.5,111.1,121.1,112.7,131.1,112.4,117.6,124.9,132.9,124.2,115.5,134.5,137.3,133.0,126.6,146.4,127.1,149.8,126.9,153.2,127.7,157.7,82
46.0,1,104.6,112.1,144.7,112.4,123.9,140.1,103.1,155.0,141.4,154.7,89.1,103.4,115.9,106.0,98.2,112.4,103.5,110.5,103.9,114.6,110.4,113.1,133.5,105.4,155.7,101.2,136.8,112.9,143.9,110.3,143.7,114.0,150.4,112.0,118.5,115.2,130.1,115.4,114.3,131.0,133.0,131.9,107.1,137.2,137.8,138.0,121.7,152.6,122.0,156.2,123.0,162.9,122.9,170.3,83
46.0,1,106.9,113.4,146.1,112.5,124.4,136.6,104.7,156.4,145.3,156.0,88.1,104.2,115.9,103.8,98.8,113.9,105.2,111.4,105.4,114.7,111.7,113.1,133.6,102.9,161.5,107.6,138.8,112.6,144.9,111.0,144.5,113.8,150.3,113.3,119.2,113.1,131.5,113.1,114.1,128.6,135.5,128.9,108.9,136.5,139.5,136.4,124.8,150.8,124.9,154.9,124.7,164.9,124.2,170.7,83
56.0,1,104.5,111.7,145.4,110.8,125.7,133.4,107.7,160.1,141.5,160.8,87.1,102.7,117.9,103.6,98.3,112.8,105.0,109.4,105.1,114.5,111.7,112.1,130.6,102.7,161.9,103.4,138.2,112.0,145.4,108.5,145.3,113.5,151.8,111.8,118.4,112.5,131.2,112.4,115.1,127.4,133.9,127.0,111.3,136.2,138.9,136.5,125.0,152.4,124.7,155.6,124.3,160.6,124.3,167.3,84
56.0,1,108.7,110.6,146.0,109.7,123.1,137.7,112.8,163.2,143.9,161.6,93.3,104.6,117.2,104.7,102.5,111.4,108.0,108.2,107.6,114.1,113.2,112.8,131.1,104.7,161.5,106.5,138.9,111.5,145.1,107.1,145.3,113.2,150.8,110.8,119.3,114.4,130.1,114.4,116.3,129.8,133.9,129.8,112.0,138.2,137.9,139.2,124.9,157.0,125.0,161.2,125.2,164.6,125.2,169.6,84
64.0,1,103.7,110.0,144.1,110.2,123.8,138.0,108.2,157.0,142.9,156.4,89.1,103.7,116.9,105.6,98.0,110.4,104.8,107.8,104.5,112.7,110.5,110.9,132.8,104.3,161.3,104.1,139.6,111.2,144.1,108.5,144.8,112.7,150.1,110.9,119.5,112.2,131.8,112.5,114.3,128.3,135.3,127.6,111.2,135.5,139.3,135.7,124.6,151.8,125.1,155.1,125.2,161.2,125.5,165.0,85
63.0,1,103.0,103.5,142.6,107.2,121.8,131.2,102.7,146.3,138.8,150.4,86.0,98.7,114.7,98.1,97.0,103.8,103.8,101.6,102.8,106.9,109.0,104.4,129.7,100.5,155.7,102.3,137.4,106.9,143.5,104.8,143.0,110.0,148.4,108.0,116.0,106.2,128.5,107.5,112.6,120.9,130.2,122.9,108.1,127.8,133.8,130.7,121.1,144.0,120.5,147.0,121.1,150.3,120.5,155.1,85
30.0,1,106.5,110.5,143.6,110.1,123.7,138.5,109.8,153.7,144.7,152.1,87.5,104.8,115.7,101.1,98.8,111.1,105.3,107.7,105.3,113.3,111.8,111.7,130.3,99.7,161.6,103.8,138.4,110.9,144.7,107.2,145.3,112.5,151.1,109.8,118.8,112.8,129.4,113.0,115.2,130.7,134.2,130.1,112.4,138.2,139.0,136.4,126.5,151.3,126.6,154.5,126.7,158.9,127.0,163.6,86
36.0,1,108.5,111.2,146.4,112.9,117.2,137.0,108.9,156.4,148.9,156.7,98.6,101.6,112.2,102.1,102.6,112.0,108.5,108.9,108.1,114.9,114.5,112.7,130.7,102.2,165.6,107.2,139.9,113.8,146.2,110.4,146.1,116.5,153.2,114.3,118.5,113.7,129.6,114.2,113.2,129.8,132.4,130.5,109.5,136.0,136.0,137.5,121.3,152.6,121.3,156.4,122.9,163.5,122.9,169.6,86
28.0,1,104.6,111.8,143.4,109.9,129.3,136.4,103.0,157.7,141.1,156.0,82.7,106.3,116.0,102.4,95.3,113.1,101.4,109.0,102.2,116.0,109.9,111.9,134.1,102.8,157.3,100.4,135.1,111.2,141.7,107.2,142.4,113.6,149.0,110.1,118.2,113.2,131.6,112.7,117.5,129.2,136.4,128.6,112.8,137.6,139.3,135.3,126.7,149.9,127.1,155.0,128.4,160.9,129.0,169.1,87
29.0,1,102.7,105.3,147.7,104.6,124.3,138.4,110.2,155.3,146.0,153.2,83.7,100.1,112.9,97.3,96.1,107.0,104.3,103.2,104.0,109.4,111.7,107.7,138.8,95.2,170.9,95.6,140.5,106.9,149.4,101.4,149.6,108.7,157.9,105.4,118.9,109.2,133.8,109.4,114.4,127.6,136.7,127.5,111.1,136.7,140.9,136.9,125.2,152.6,125.8,155.7,126.6,158.0,126.3,165.2,87
34.0,1,116.4,111.7,163.8,98.6,151.6,138.7,124.2,161.3,169.1,150.6,90.1,110.9,126.3,99.7,107.4,116.0,113.8,109.4,116.0,115.7,123.9,111.8,149.7,93.1,178.1,89.4,154.5,103.0,160.8,95.8,163.6,102.3,169.8,97.7,133.8,111.1,148.8,107.6,134.9,129.8,157.4,124.6,130.4,139.7,165.0,132.2,150.0,152.8,150.7,156.6,153.5,169.0,155.0,175.3,88
35.0,1,108.0,109.7,150.2,105.9,134.5,129.5,115.6,155.1,153.2,151.7,91.1,106.9,119.6,98.5,101.4,112.0,106.4,108.7,107.7,112.6,113.8,109.9,137.4,95.2,160.4,94.8,142.8,107.1,149.1,103.6,149.2,108.9,155.8,106.3,123.1,109.6,136.8,107.7,122.8,124.5,142.1,121.3,120.2,133.3,146.9,128.6,136.8,147.6,137.4,152.5,137.5,156.4,137.9,162.0,88
27.0,0,99.5,112.6,143.3,110.4,126.7,137.0,113.2,159.0,145.4,155.9,81.1,103.6,116.2,104.6,93.8,112.8,102.1,109.3,101.7,117.1,110.1,114.3,132.0,104.2,162.0,101.5,138.9,111.8,146.3,107.0,147.3,113.8,153.8,110.1,118.4,114.5,131.4,113.3,116.9,132.9,136.2,130.8,115.0,139.5,139.7,137.2,128.6,152.0,128.8,155.9,129.3,161.4,129.9,167.8,89
30.0,0,110.3,115.4,148.7,114.3,120.4,135.7,112.4,157.9,140.1,157.8,95.1,105.2,114.8,106.3,101.7,115.0,107.5,111.9,106.8,119.0,113.3,116.1,131.0,104.3,161.1,103.4,139.3,116.2,145.8,110.8,146.8,118.5,153.7,114.0,118.6,117.0,129.6,116.4,115.7,130.2,130.7,130.7,112.7,138.4,134.3,138.7,122.6,152.3,122.7,156.2,123.2,158.6,123.5,164.3,89
31.0,0,118.1,116.3,154.2,110.9,143.7,136.5,117.3,156.6,153.5,150.7,98.5,106.7,128.8,104.3,109.9,117.2,116.5,114.5,116.9,118.8,123.4,116.0,146.4,102.3,166.4,96.2,147.7,112.8,153.7,108.9,154.4,113.3,159.7,110.0,131.4,116.6,142.9,115.1,131.6,130.7,148.5,129.2,126.9,138.6,152.5,136.5,139.4,147.6,139.8,152.4,141.2,163.6,142.3,170.9,90
31.0,0,102.8,115.5,149.1,114.1,121.4,131.3,107.5,160.8,144.6,158.8,83.6,109.3,113.4,102.4,92.7,116.9,99.8,113.0,100.3,118.4,108.5,116.2,133.1,100.5,161.5,102.9,140.0,115.4,147.8,110.9,147.9,117.4,156.0,115.8,117.3,115.5,127.9,114.9,113.2,129.2,130.4,128.7,111.7,139.2,135.8,137.3,124.5,149.9,124.1,155.1,123.2,158.5,123.2,163.9,90
64.0,1,105.1,111.6,148.9,112.9,117.0,137.4,107.3,153.6,142.2,155.9,90.5,102.0,111.8,104.4,98.2,111.7,104.7,109.8,104.0,114.6,111.0,112.6,136.3,103.8,163.4,103.5,141.1,113.9,147.3,111.9,147.3,115.9,154.8,113.9,117.2,114.0,128.8,114.6,111.4,127.7,131.9,129.1,107.4,135.6,136.5,136.6,120.3,150.1,120.4,154.1,120.1,157.8,119.4,163.0,91
62.0,1,105.2,112.3,149.9,112.1,120.0,135.4,107.6,153.3,146.2,152.7,86.0,103.1,112.3,103.6,97.0,113.1,103.8,110.7,103.0,115.1,109.6,113.1,136.9,102.8,167.7,103.0,141.7,112.7,149.2,110.3,149.6,114.5,156.4,112.5,118.1,114.0,129.8,114.0,112.5,127.8,133.5,127.3,107.8,136.1,138.6,135.2,123.1,149.4,123.0,153.2,124.0,155.9,123.6,160.9,91
28.0,0,99.8,111.9,146.9,110.0,126.2,140.9,103.0,156.4,144.7,155.0,82.7,102.3,114.4,104.7,91.8,112.9,99.6,109.3,99.4,115.8,107.8,113.3,137.4,104.7,165.6,100.9,139.4,112.5,147.4,107.4,147.7,114.7,156.4,111.3,118.5,114.2,132.0,113.9,117.1,132.6,134.1,132.0,113.2,140.8,138.9,138.9,125.6,154.0,125.6,157.2,125.9,161.3,126.1,167.9,92
29.0,0,102.2,113.3,148.6,112.6,122.2,140.1,107.0,157.0,151.5,155.6,81.8,105.1,111.8,104.1,93.3,114.3,101.4,110.9,101.5,116.8,109.6,114.8,136.1,103.7,170.3,103.6,140.4,113.7,148.2,110.3,148.2,115.4,156.2,113.2,117.2,115.9,130.4,115.7,113.7,132.7,133.1,132.1,109.6,140.4,139.3,139.3,125.2,152.7,125.5,156.3,126.4,163.4,126.3,168.8,92
39.0,1,99.1,113.0,146.5,113.1,122.1,135.4,101.0,158.6,146.6,157.4,83.9,105.6,110.7,101.9,91.7,114.1,99.9,110.6,99.3,116.6,107.8,114.9,133.9,102.2,165.4,106.7,140.1,114.9,147.4,111.2,146.8,116.8,154.6,115.5,115.3,116.2,130.6,115.9,112.3,128.6,133.9,129.1,105.3,136.5,141.1,136.2,123.5,151.3,123.6,156.1,122.7,159.8,122.3,165.5,93
34.0,1,101.9,112.2,144.8,111.6,124.9,135.6,104.9,157.9,144.9,156.3,90.2,103.1,113.1,107.1,94.9,113.1,102.2,110.4,102.2,116.1,109.6,113.6,131.7,106.6,157.4,101.4,137.6,113.3,144.9,109.3,145.8,115.2,153.2,111.7,117.8,113.8,129.8,113.4,115.8,130.1,134.4,128.9,111.0,138.7,139.1,137.3,124.8,153.0,124.5,158.0,123.9,160.2,124.1,166.4,93
62.0,1,107.8,109.1,147.6,110.2,123.6,136.1,110.5,158.2,145.0,158.9,93.8,105.0,117.6,101.5,102.0,109.9,108.2,107.1,108.1,111.8,114.2,109.3,133.4,101.6,162.9,104.5,139.9,109.9,146.5,107.5,146.2,112.6,153.3,111.5,120.5,110.6,131.0,111.1,117.5,126.7,133.2,127.4,113.2,135.4,138.6,135.6,125.1,152.9,125.7,156.7,126.0,159.1,126.7,164.2,94
61.0,1,102.3,110.0,142.3,109.0,123.4,136.5,104.1,154.8,142.7,154.8,90.0,107.3,115.6,104.4,97.0,111.2,103.1,107.6,103.9,112.8,110.7,110.4,131.1,104.5,157.2,105.1,136.5,110.1,142.9,106.8,142.6,112.1,149.2,110.0,118.3,111.2,129.5,110.9,115.6,126.9,131.7,126.4,111.0,135.1,136.8,133.9,123.7,153.2,123.9,157.0,123.9,160.8,124.5,165.7,94
39.0,0,105.1,115.4,145.5,114.8,128.7,135.0,108.5,155.9,144.6,156.4,88.6,105.2,115.4,104.9,98.2,115.8,105.6,112.5,104.8,118.4,112.0,116.9,136.4,104.8,162.4,106.0,139.7,116.4,145.8,112.7,146.6,117.8,152.6,115.5,121.4,117.1,132.0,116.9,119.6,131.0,136.6,129.9,115.6,139.2,140.7,138.4,128.4,150.4,128.1,153.7,128.0,160.7,127.6,166.0,95
36.0,0,97.9,116.1,144.6,113.5,121.6,133.1,102.9,159.0,146.3,156.1,82.9,107.6,110.3,103.0,91.5,118.4,99.0,113.3,99.3,120.4,107.2,117.8,136.4,101.2,166.5,103.9,139.7,115.1,147.5,110.1,147.5,117.2,155.4,114.4,117.4,116.3,129.5,115.6,112.7,130.8,132.0,129.3,109.7,138.2,137.7,137.0,122.5,150.2,122.2,154.1,123.0,159.9,123.6,164.9,95
61.0,1,101.7,110.6,142.3,108.5,129.1,135.5,101.4,158.0,143.8,157.6,83.9,106.3,115.1,103.0,94.8,111.6,101.4,108.2,101.9,112.3,108.2,110.5,134.2,101.0,156.8,102.5,135.7,110.2,141.0,106.6,141.7,111.0,147.3,108.8,117.2,111.7,131.5,110.7,118.2,127.4,136.1,126.6,111.1,136.7,141.6,135.1,126.8,152.4,126.7,156.8,128.0,159.9,129.0,165.9,96
61.0,1,99.1,109.5,142.1,105.0,124.5,137.0,107.1,156.0,148.1,153.9,80.4,103.5,109.1,100.6,93.9,110.9,100.3,107.4,100.9,112.6,107.4,110.0,133.8,96.6,160.7,95.6,137.3,106.6,143.0,103.1,143.4,107.9,149.6,105.8,116.0,110.7,129.7,109.2,113.4,129.5,134.0,127.8,109.3,137.8,140.1,135.9,125.4,154.1,125.6,157.6,127.2,160.1,128.1,166.6,96
53.0,1,103.2,111.9,143.6,111.5,128.2,135.2,109.6,161.9,144.4,161.0,84.6,106.0,114.4,99.7,95.7,113.8,102.4,109.5,102.0,115.5,108.6,113.4,133.0,101.9,158.9,105.5,138.2,112.4,144.3,109.1,144.4,115.5,150.8,113.9,118.8,114.1,130.8,113.2,117.7,128.8,136.3,127.3,113.5,138.9,141.5,138.0,128.0,152.9,128.2,156.3,128.8,164.6,129.0,169.3,97
55.0,1,106.6,112.2,145.8,111.6,122.3,138.2,111.0,160.3,146.2,159.2,88.3,106.2,112.1,102.2,98.6,114.0,104.9,109.9,105.4,115.8,111.1,112.9,130.4,101.7,158.2,101.3,139.3,112.3,144.7,109.1,145.2,114.2,151.1,112.3,118.2,114.1,128.3,113.1,116.5,129.6,131.6,129.3,111.6,140.7,138.2,139.4,126.8,154.9,126.8,157.6,127.1,165.9,127.5,169.9,97
69.0,1,107.8,118.3,141.9,112.9,125.0,133.6,110.0,157.9,146.5,152.6,95.5,112.3,116.4,108.4,102.8,119.6,107.8,116.7,108.7,119.1,113.8,116.9,132.7,105.2,154.8,104.0,137.4,113.4,142.5,110.8,143.0,113.9,148.7,112.1,119.0,116.4,131.0,114.9,116.7,128.9,133.7,127.1,113.5,137.2,140.3,133.9,127.8,149.1,128.1,152.3,128.3,158.7,128.7,162.4,98
71.0,1,105.7,113.5,144.0,111.9,123.8,138.6,107.0,151.5,150.6,149.1,90.5,104.5,114.9,103.6,98.1,112.9,104.9,112.0,104.9,114.6,112.2,112.3,132.5,103.8,161.8,103.1,138.0,111.4,145.2,110.4,145.4,112.8,152.6,110.7,118.0,111.9,130.8,111.8,115.2,128.9,134.4,127.6,110.9,135.5,139.5,134.6,125.3,149.1,125.8,153.0,127.0,159.9,127.5,165.6,98
48.0,0,103.5,111.6,149.6,109.6,125.1,140.8,105.6,153.2,154.8,150.4,85.6,102.4,112.9,104.2,95.8,112.5,103.0,109.4,102.9,114.5,110.1,113.4,135.9,102.9,166.3,99.5,140.9,112.3,147.4,107.2,148.6,112.9,156.1,109.7,117.6,114.7,131.8,114.2,114.8,131.2,136.3,130.5,110.7,139.2,144.0,136.7,128.1,152.9,128.7,155.9,129.7,158.7,130.5,164.1,99
53.0,0,100.5,110.5,147.6,109.1,124.3,137.5,102.1,152.9,153.5,152.7,79.8,104.5,112.5,103.4,93.9,111.2,101.3,108.9,101.9,112.2,109.4,110.5,133.1,103.3,167.6,102.8,138.0,109.7,146.1,107.8,146.6,110.6,155.3,109.1,115.8,112.3,131.0,111.5,114.1,129.9,135.3,128.7,109.0,136.7,142.7,135.7,127.8,152.1,127.7,156.1,128.1,161.3,127.9,168.0,99
